instance,role,scale,reference_type,algorithm,movement_mode,scheme,runs,cost_best,cost_mean,cost_std,cost_median,cost_q1,cost_q3,cost_iqr,cost_worst,rpd_mean,rpd_median,feasible_rate,runtime_mean_seconds,best_evaluation_median,added_per_evaluation_mean,removed_per_evaluation_mean
scp42,test,small,optimum,ABLATION_IID,IID,V3-ELIT,31,514.0,522.9354838709677,2.64493835934435,524.0,524.0,524.0,0.0,524.0,2.135836693548387,2.34375,1.0,7.419557311872561,905.0,47.68514516129032,9.592376344086022
scp42,test,small,optimum,BGWO,REFERENCE,V3-ELIT,31,514.0,522.6774193548387,2.737238228265777,524.0,521.0,524.0,3.0,525.0,2.0854334677419355,2.34375,1.0,4.432429747235391,1592.0,24.903112903225807,5.344704301075269
scp42,test,small,optimum,BPSO,REFERENCE,V3-ELIT,31,525.0,525.0645161290323,0.3592106040535498,525.0,525.0,525.0,0.0,527.0,2.551663306451613,2.5390625,1.0,11.908622348155346,41.0,78.19388709677419,16.204
scp42,test,small,optimum,BPWO,PWO,S2-ELIT,31,514.0,522.9032258064516,3.123617973970541,524.0,524.0,524.0,0.0,525.0,2.1295362903225805,2.34375,1.0,4.060966936886431,758.0,21.800155913978497,4.874064516129033
scp42,test,small,optimum,BPWO,PWO,V3-ELIT,31,514.0,522.483870967742,3.020716998130692,524.0,521.5,524.0,2.5,525.0,2.047631048387097,2.34375,1.0,3.9800614299883526,1156.0,23.729559139784943,5.239145161290322
scp42,test,small,optimum,GREEDY,N/A,N/A,1,529.0,529.0,0.0,529.0,529.0,529.0,0.0,529.0,3.3203125,3.3203125,1.0,0.0038496660999953747,1.0,81.0,15.0
scp52,test,small,optimum,ABLATION_IID,IID,V3-ELIT,31,312.0,315.741935483871,1.825152814341562,315.0,315.0,318.0,3.0,318.0,4.550309762871182,4.304635761589404,1.0,11.450354676017717,123.0,46.27342473118279,8.457456989247312
scp52,test,small,optimum,BGWO,REFERENCE,V3-ELIT,31,310.0,314.51612903225805,1.6506759775303266,315.0,314.5,315.0,0.5,318.0,4.144413586840419,4.304635761589404,1.0,6.834948481195757,98.0,24.632403225806453,5.609462365591399
scp52,test,small,optimum,BPSO,REFERENCE,V3-ELIT,31,315.0,317.258064516129,2.529397055103368,317.0,315.0,319.0,4.0,323.0,5.0523392437513355,4.966887417218543,1.0,18.683692176090254,97.0,69.66640860215054,12.014892473118278
scp52,test,small,optimum,BPWO,PWO,S2-ELIT,31,308.0,314.96774193548384,2.213351470323409,315.0,315.0,315.0,0.0,319.0,4.293954283272805,4.304635761589404,1.0,6.077811270186137,139.0,21.51963440860215,5.052908602150537
scp52,test,small,optimum,BPWO,PWO,V3-ELIT,31,308.0,314.38709677419354,2.092485274417938,315.0,313.5,315.0,1.5,318.0,4.101687673574023,4.304635761589404,1.0,6.382170810454315,153.0,23.455053763440862,5.393327956989247
scp52,test,small,optimum,GREEDY,N/A,N/A,1,330.0,330.0,0.0,330.0,330.0,330.0,0.0,330.0,9.271523178807946,9.271523178807946,1.0,0.004537417087703943,1.0,76.0,8.0
scp62,test,small,optimum,ABLATION_IID,IID,V3-ELIT,31,146.0,147.67741935483872,0.747756501105966,148.0,148.0,148.0,0.0,148.0,1.1489173663278833,1.36986301369863,1.0,5.9846852366632275,227.0,27.22484946236559,4.945408602150538
scp62,test,small,optimum,BGWO,REFERENCE,V3-ELIT,31,146.0,148.25806451612902,1.1537689524765886,148.0,148.0,148.0,0.0,151.0,1.5466195315952274,1.36986301369863,1.0,3.8836712608444355,201.0,14.362908602150537,3.2413655913978494
scp62,test,small,optimum,BPSO,REFERENCE,V3-ELIT,31,146.0,148.51612903225808,1.3132902127084094,149.0,148.0,149.0,1.0,153.0,1.723376049491825,2.0547945205479454,1.0,8.053129565902054,357.0,37.13983870967742,6.729930107526882
scp62,test,small,optimum,BPWO,PWO,S2-ELIT,31,146.0,149.1290322580645,1.8026265186087211,148.0,148.0,151.0,3.0,153.0,2.143172779496244,1.36986301369863,1.0,3.453967704347545,145.0,12.716451612903224,3.0643279569892474
scp62,test,small,optimum,BPWO,PWO,V3-ELIT,31,146.0,148.58064516129033,1.478156364042431,148.0,148.0,148.0,0.0,153.0,1.7675651789659743,1.36986301369863,1.0,3.555785978588486,287.0,13.733338709677419,3.1996612903225805
scp62,test,small,optimum,GREEDY,N/A,N/A,1,156.0,156.0,0.0,156.0,156.0,156.0,0.0,156.0,6.8493150684931505,6.8493150684931505,1.0,0.0018005832098424435,1.0,46.0,6.0
scpa2,test,medium,optimum,ABLATION_IID,IID,V3-ELIT,31,254.0,257.35483870967744,1.495513002211932,258.0,258.0,258.0,0.0,258.0,2.124935995903738,2.380952380952381,1.0,22.02151092610532,114.0,50.846672043010756,7.66247311827957
scpa2,test,medium,optimum,BGWO,REFERENCE,V3-ELIT,31,254.0,257.258064516129,1.2101719419290211,258.0,256.0,258.0,2.0,258.0,2.0865335381464414,2.380952380952381,1.0,13.702780697599895,383.0,26.83655376344086,5.446112903225806
scpa2,test,medium,optimum,BPSO,REFERENCE,V3-ELIT,31,258.0,258.0,0.0,258.0,258.0,258.0,0.0,258.0,2.380952380952381,2.380952380952381,1.0,34.517951600734264,100.0,78.22337096774194,10.320311827956989
scpa2,test,medium,optimum,BPWO,PWO,S2-ELIT,31,254.0,257.2903225806452,1.418768207215841,258.0,258.0,258.0,0.0,258.0,2.0993343573988734,2.380952380952381,1.0,12.683094751405259,809.0,23.34816129032258,4.977333333333333
scpa2,test,medium,optimum,BPWO,PWO,V3-ELIT,31,254.0,257.5483870967742,1.0905261628351504,258.0,258.0,258.0,0.0,258.0,2.2017409114183306,2.380952380952381,1.0,12.88752882519076,578.0,25.40866129032258,5.19118817204301
scpa2,test,medium,optimum,GREEDY,N/A,N/A,1,270.0,270.0,0.0,270.0,270.0,270.0,0.0,270.0,7.142857142857143,7.142857142857143,1.0,0.012391792144626379,1.0,88.0,7.0
scpb2,test,medium,optimum,ABLATION_IID,IID,V3-ELIT,31,76.0,76.0,0.0,76.0,76.0,76.0,0.0,76.0,0.0,0.0,1.0,18.377443806373424,40.0,27.40148387096774,5.003989247311829
scpb2,test,medium,optimum,BGWO,REFERENCE,V3-ELIT,31,76.0,76.0,0.0,76.0,76.0,76.0,0.0,76.0,0.0,0.0,1.0,12.423133782411535,70.0,14.119387096774194,3.8023924731182794
scpb2,test,medium,optimum,BPSO,REFERENCE,V3-ELIT,31,76.0,76.0,0.0,76.0,76.0,76.0,0.0,76.0,0.0,0.0,1.0,27.405396168090164,28.0,43.303623655913974,7.567521505376344
scpb2,test,medium,optimum,BPWO,PWO,S2-ELIT,31,76.0,76.06451612903226,0.3592106040535498,76.0,76.0,76.0,0.0,78.0,0.08488964346349746,0.0,1.0,11.575490219022837,58.0,12.412516129032259,3.6314247311827956
scpb2,test,medium,optimum,BPWO,PWO,V3-ELIT,31,76.0,76.0,0.0,76.0,76.0,76.0,0.0,76.0,0.0,0.0,1.0,11.861676438155794,78.0,13.516612903225806,3.7443172043010753
scpb2,test,medium,optimum,GREEDY,N/A,N/A,1,78.0,78.0,0.0,78.0,78.0,78.0,0.0,78.0,2.6315789473684212,2.6315789473684212,1.0,0.006192541681230068,1.0,47.0,5.0
scpc2,test,large,optimum,ABLATION_IID,IID,V3-ELIT,31,220.0,220.96774193548387,0.1796053020267749,221.0,221.0,221.0,0.0,221.0,0.8985122993077036,0.91324200913242,1.0,37.56610049326874,98.0,61.61201075268817,14.94028494623656
scpc2,test,large,optimum,BGWO,REFERENCE,V3-ELIT,31,220.0,221.38709677419354,1.0223313016447166,221.0,221.0,221.0,0.0,224.0,1.0899985270290176,0.91324200913242,1.0,22.877503116915545,74.0,32.74360752688172,9.653494623655913
scpc2,test,large,optimum,BPSO,REFERENCE,V3-ELIT,31,221.0,221.0,0.0,221.0,221.0,221.0,0.0,221.0,0.91324200913242,0.91324200913242,1.0,60.25321084265447,49.0,95.53451612903227,21.880413978494623
scpc2,test,large,optimum,BPWO,PWO,S2-ELIT,31,221.0,221.29032258064515,0.7828813612588127,221.0,221.0,221.0,0.0,224.0,1.0458093975548681,0.91324200913242,1.0,20.44917388717013,94.0,28.55001612903226,9.002080645161291
scpc2,test,large,optimum,BPWO,PWO,V3-ELIT,31,221.0,221.06451612903226,0.3592106040535498,221.0,221.0,221.0,0.0,223.0,0.9427014287818529,0.91324200913242,1.0,21.145987381647913,101.0,31.00945698924731,9.50360752688172
scpc2,test,large,optimum,GREEDY,N/A,N/A,1,224.0,224.0,0.0,224.0,224.0,224.0,0.0,224.0,2.2831050228310503,2.2831050228310503,1.0,0.011289415881037712,1.0,104.0,20.0
scpd2,test,large,optimum,ABLATION_IID,IID,V3-ELIT,31,67.0,67.0,0.0,67.0,67.0,67.0,0.0,67.0,1.5151515151515151,1.5151515151515151,1.0,29.49500193272627,64.0,29.18520430107527,5.434784946236559
scpd2,test,large,optimum,BGWO,REFERENCE,V3-ELIT,31,67.0,67.0,0.0,67.0,67.0,67.0,0.0,67.0,1.5151515151515151,1.5151515151515151,1.0,20.59851351072411,124.0,15.458430107526882,4.664317204301075
scpd2,test,large,optimum,BPSO,REFERENCE,V3-ELIT,31,67.0,67.19354838709677,0.4016096644512494,67.0,67.0,67.0,0.0,68.0,1.8084066471163245,1.5151515151515151,1.0,41.099449770014374,107.0,42.8217688172043,5.887795698924731
scpd2,test,large,optimum,BPWO,PWO,S2-ELIT,31,66.0,66.93548387096774,0.3592106040535498,67.0,67.0,67.0,0.0,68.0,1.4173998044965785,1.5151515151515151,1.0,18.7674259449836,568.0,13.7077311827957,4.6236236559139785
scpd2,test,large,optimum,BPWO,PWO,V3-ELIT,31,66.0,66.96774193548387,0.1796053020267749,67.0,67.0,67.0,0.0,67.0,1.466275659824047,1.5151515151515151,1.0,19.4577267943551,283.0,14.742790322580644,4.622833333333333
scpd2,test,large,optimum,GREEDY,N/A,N/A,1,71.0,71.0,0.0,71.0,71.0,71.0,0.0,71.0,7.575757575757576,7.575757575757576,1.0,0.008391749579459429,1.0,51.0,3.0
scpnre2,test,large,optimum,ABLATION_IID,IID,V3-ELIT,31,30.0,30.193548387096776,0.4016096644512494,30.0,30.0,30.0,0.0,31.0,0.6451612903225806,0.0,1.0,40.236186462409435,143.0,18.176220430107527,5.252462365591398
scpnre2,test,large,optimum,BGWO,REFERENCE,V3-ELIT,31,30.0,30.451612903225808,0.5679618342470648,30.0,30.0,31.0,1.0,32.0,1.5053763440860217,0.0,1.0,31.4742282150133,264.0,9.328618279569891,4.650575268817204
scpnre2,test,large,optimum,BPSO,REFERENCE,V3-ELIT,31,30.0,30.580645161290324,0.501610310127101,31.0,30.0,31.0,1.0,31.0,1.935483870967742,3.3333333333333335,1.0,44.44493803886637,149.0,21.38587634408602,5.548720430107527
scpnre2,test,large,optimum,BPWO,PWO,S2-ELIT,31,30.0,30.806451612903224,0.6010743070375285,31.0,30.0,31.0,1.0,32.0,2.688172043010753,3.3333333333333335,1.0,29.30396150136667,96.0,8.152435483870969,4.591489247311828
scpnre2,test,large,optimum,BPWO,PWO,V3-ELIT,31,30.0,30.612903225806452,0.5584155773160767,31.0,30.0,31.0,1.0,32.0,2.043010752688172,3.3333333333333335,1.0,29.6580032486799,303.0,8.77260752688172,4.608639784946236
scpnre2,test,large,optimum,GREEDY,N/A,N/A,1,32.0,32.0,0.0,32.0,32.0,32.0,0.0,32.0,6.666666666666667,6.666666666666667,1.0,0.01229158416390419,1.0,32.0,4.0
scpnrf2,test,large,optimum,ABLATION_IID,IID,V3-ELIT,31,15.0,15.0,0.0,15.0,15.0,15.0,0.0,15.0,0.0,0.0,1.0,36.353275218978524,32.0,9.80063440860215,4.3827473118279565
scpnrf2,test,large,optimum,BGWO,REFERENCE,V3-ELIT,31,15.0,15.0,0.0,15.0,15.0,15.0,0.0,15.0,0.0,0.0,1.0,31.090331674808816,29.0,5.324634408602151,4.266215053763441
scpnrf2,test,large,optimum,BPSO,REFERENCE,V3-ELIT,31,15.0,15.03225806451613,0.1796053020267749,15.0,15.0,15.0,0.0,16.0,0.21505376344086022,0.0,1.0,38.2273967419751,29.0,10.406139784946236,4.408456989247312
scpnrf2,test,large,optimum,BPWO,PWO,S2-ELIT,31,15.0,15.0,0.0,15.0,15.0,15.0,0.0,15.0,0.0,0.0,1.0,29.002322018837496,37.0,4.415672043010752,4.2473064516129035
scpnrf2,test,large,optimum,BPWO,PWO,V3-ELIT,31,15.0,15.0,0.0,15.0,15.0,15.0,0.0,15.0,0.0,0.0,1.0,29.22376184133933,36.0,4.821467741935484,4.256139784946237
scpnrf2,test,large,optimum,GREEDY,N/A,N/A,1,16.0,16.0,0.0,16.0,16.0,16.0,0.0,16.0,6.666666666666667,6.666666666666667,1.0,0.007609667256474495,1.0,15.0,0.0
scpnrg2,test,very_large,best_known,ABLATION_IID,IID,V3-ELIT,31,156.0,157.67741935483872,0.7017642896867651,158.0,158.0,158.0,0.0,158.0,2.387934645999162,2.5974025974025974,1.0,174.13905807809843,993.0,73.26563978494625,15.092489247311828
scpnrg2,test,very_large,best_known,BGWO,REFERENCE,V3-ELIT,31,156.0,157.8709677419355,0.6704195444580937,158.0,158.0,158.0,0.0,159.0,2.513615416841223,2.5974025974025974,1.0,132.97075030913638,767.0,39.01487634408603,11.84083870967742
scpnrg2,test,very_large,best_known,BPSO,REFERENCE,V3-ELIT,31,157.0,158.51612903225808,0.5698518954918891,159.0,158.0,159.0,1.0,159.0,2.932551319648094,3.2467532467532467,1.0,226.54696207681312,123.0,106.1228440860215,19.52589247311828
scpnrg2,test,very_large,best_known,BPWO,PWO,S2-ELIT,31,156.0,157.5483870967742,1.0275767506588613,158.0,157.0,158.0,1.0,159.0,2.3041474654377883,2.5974025974025974,1.0,131.08111282391474,1554.0,33.554026881720425,11.461806451612905
scpnrg2,test,very_large,best_known,BPWO,PWO,V3-ELIT,31,156.0,158.03225806451613,0.7063460420946632,158.0,158.0,158.0,0.0,160.0,2.6183493925429406,2.5974025974025974,1.0,130.79121005110022,792.0,36.490123655913976,11.737435483870968
scpnrg2,test,very_large,best_known,GREEDY,N/A,N/A,1,162.0,162.0,0.0,162.0,162.0,162.0,0.0,162.0,5.194805194805195,5.194805194805195,1.0,0.05593483382835984,1.0,129.0,16.0
scpnrh2,test,very_large,best_known,ABLATION_IID,IID,V3-ELIT,31,64.0,64.03225806451613,0.1796053020267749,64.0,64.0,64.0,0.0,65.0,1.6385048643113158,1.5873015873015872,1.0,149.4826121720816,144.0,38.16443010752688,11.161010752688172
scpnrh2,test,very_large,best_known,BGWO,REFERENCE,V3-ELIT,31,64.0,64.03225806451613,0.1796053020267749,64.0,64.0,64.0,0.0,65.0,1.6385048643113158,1.5873015873015872,1.0,126.69635194630152,269.0,19.682532258064516,9.885774193548388
scpnrh2,test,very_large,best_known,BPSO,REFERENCE,V3-ELIT,31,64.0,64.41935483870968,0.672021505032247,64.0,64.0,65.0,1.0,66.0,2.252944188428059,1.5873015873015872,1.0,165.75425638046656,779.0,48.4257311827957,11.958021505376344
scpnrh2,test,very_large,best_known,BPWO,PWO,S2-ELIT,31,64.0,64.2258064516129,0.5603378397214094,64.0,64.0,64.0,0.0,66.0,1.9457245263696876,1.5873015873015872,1.0,126.12293494362083,395.0,16.969241935483872,9.558069892473117
scpnrh2,test,very_large,best_known,BPWO,PWO,V3-ELIT,31,63.0,64.35483870967742,0.6607262215055084,64.0,64.0,65.0,1.0,66.0,2.150537634408602,1.5873015873015872,1.0,125.37754067197262,212.0,18.551279569892472,9.639693548387097
scpnrh2,test,very_large,best_known,GREEDY,N/A,N/A,1,73.0,73.0,0.0,73.0,73.0,73.0,0.0,73.0,15.873015873015873,15.873015873015873,1.0,0.03059025015681982,1.0,65.0,1.0
