instance,algorithm,movement_mode,scheme,degenerate_cohesion,latent_amplitude,bound,seed,population,evaluation_budget,evaluations,best_found_at_evaluation,cost,rpd,feasible,initially_feasible_rate,added_columns,removed_columns,runtime_seconds,python,numpy,role,scale,reference_type
scp41,BPWO_ANCHOR,PWO,S1-STD,MIN,4.0,6.0,0,30,15000,15000,252,433.0,0.9324009324009324,True,0.9562,2214,19561,9.04562654113397,3.13.15,2.5.1,calibration,small,optimum
scp41,BPWO_ANCHOR,PWO,S1-STD,MIN,4.0,6.0,1,30,15000,15000,334,433.0,0.9324009324009324,True,0.9536,2196,19600,9.137245292309672,3.13.15,2.5.1,calibration,small,optimum
scp41,BPWO_ANCHOR,PWO,S1-STD,MIN,4.0,6.0,2,30,15000,15000,293,433.0,0.9324009324009324,True,0.9468,2547,19897,8.883285124786198,3.13.15,2.5.1,calibration,small,optimum
scp41,BPWO_ANCHOR,PWO,S1-STD,MIN,4.0,6.0,3,30,15000,15000,314,439.0,2.331002331002331,True,0.9542666666666667,2317,20069,9.038871333003044,3.13.15,2.5.1,calibration,small,optimum
scp41,BPWO_ANCHOR,PWO,S1-STD,MIN,4.0,6.0,4,30,15000,15000,274,441.0,2.797202797202797,True,0.9575333333333333,2320,19852,8.974325000308454,3.13.15,2.5.1,calibration,small,optimum
scp41,BPWO_BASE,PWO,V3-ELIT,MAX,1.0,1.0,0,30,15000,15000,181,433.0,0.9324009324009324,True,0.0019333333333333333,363836,65175,15.716552707832307,3.13.15,2.5.1,calibration,small,optimum
scp41,BPWO_BASE,PWO,V3-ELIT,MAX,1.0,1.0,1,30,15000,15000,154,433.0,0.9324009324009324,True,0.002,363809,65001,15.369699582923204,3.13.15,2.5.1,calibration,small,optimum
scp41,BPWO_BASE,PWO,V3-ELIT,MAX,1.0,1.0,2,30,15000,15000,166,433.0,0.9324009324009324,True,0.002,363147,64348,15.652542541269213,3.13.15,2.5.1,calibration,small,optimum
scp41,BPWO_BASE,PWO,V3-ELIT,MAX,1.0,1.0,3,30,15000,15000,152,433.0,0.9324009324009324,True,0.0018666666666666666,362934,64796,15.574292208999395,3.13.15,2.5.1,calibration,small,optimum
scp41,BPWO_BASE,PWO,V3-ELIT,MAX,1.0,1.0,4,30,15000,15000,161,433.0,0.9324009324009324,True,0.002,363659,64980,15.624000333249569,3.13.15,2.5.1,calibration,small,optimum
scp51,BPWO_ANCHOR,PWO,S1-STD,MIN,4.0,6.0,0,30,15000,15000,304,269.0,6.324110671936759,True,0.9568,2454,39664,14.658305750228465,3.13.15,2.5.1,calibration,small,optimum
scp51,BPWO_ANCHOR,PWO,S1-STD,MIN,4.0,6.0,1,30,15000,15000,305,257.0,1.5810276679841897,True,0.9472666666666667,3316,40254,14.901292415801436,3.13.15,2.5.1,calibration,small,optimum
scp51,BPWO_ANCHOR,PWO,S1-STD,MIN,4.0,6.0,2,30,15000,15000,368,272.0,7.509881422924901,True,0.9523333333333334,2710,40226,14.702396417036653,3.13.15,2.5.1,calibration,small,optimum
scp51,BPWO_ANCHOR,PWO,S1-STD,MIN,4.0,6.0,3,30,15000,15000,325,264.0,4.3478260869565215,True,0.9492,2817,40062,16.500432541128248,3.13.15,2.5.1,calibration,small,optimum
scp51,BPWO_ANCHOR,PWO,S1-STD,MIN,4.0,6.0,4,30,15000,15000,2175,258.0,1.976284584980237,True,0.9317333333333333,4051,41396,16.94661400001496,3.13.15,2.5.1,calibration,small,optimum
scp51,BPWO_BASE,PWO,V3-ELIT,MAX,1.0,1.0,0,30,15000,15000,141,267.0,5.533596837944664,True,0.002,346041,70454,23.14604862499982,3.13.15,2.5.1,calibration,small,optimum
scp51,BPWO_BASE,PWO,V3-ELIT,MAX,1.0,1.0,1,30,15000,15000,7755,266.0,5.138339920948616,True,0.002,356633,77443,23.64447420882061,3.13.15,2.5.1,calibration,small,optimum
scp51,BPWO_BASE,PWO,V3-ELIT,MAX,1.0,1.0,2,30,15000,15000,484,263.0,3.952569169960474,True,0.002,359162,85504,23.809877833351493,3.13.15,2.5.1,calibration,small,optimum
scp51,BPWO_BASE,PWO,V3-ELIT,MAX,1.0,1.0,3,30,15000,15000,165,267.0,5.533596837944664,True,0.002,347452,72532,24.044423333369195,3.13.15,2.5.1,calibration,small,optimum
scp51,BPWO_BASE,PWO,V3-ELIT,MAX,1.0,1.0,4,30,15000,15000,986,256.0,1.1857707509881423,True,0.002,342621,71052,23.912087542004883,3.13.15,2.5.1,calibration,small,optimum
scp61,BPWO_ANCHOR,PWO,S1-STD,MIN,4.0,6.0,0,30,15000,15000,336,142.0,2.898550724637681,True,0.9628,1810,20228,7.573097791988403,3.13.15,2.5.1,calibration,small,optimum
scp61,BPWO_ANCHOR,PWO,S1-STD,MIN,4.0,6.0,1,30,15000,15000,189,142.0,2.898550724637681,True,0.9672,1726,20160,7.448437000159174,3.13.15,2.5.1,calibration,small,optimum
scp61,BPWO_ANCHOR,PWO,S1-STD,MIN,4.0,6.0,2,30,15000,15000,263,144.0,4.3478260869565215,True,0.9628,1930,20574,7.424494874663651,3.13.15,2.5.1,calibration,small,optimum
scp61,BPWO_ANCHOR,PWO,S1-STD,MIN,4.0,6.0,3,30,15000,15000,191,143.0,3.6231884057971016,True,0.9661333333333333,1803,20538,8.090704875066876,3.13.15,2.5.1,calibration,small,optimum
scp61,BPWO_ANCHOR,PWO,S1-STD,MIN,4.0,6.0,4,30,15000,15000,225,144.0,4.3478260869565215,True,0.9608666666666666,2289,20747,8.138522458262742,3.13.15,2.5.1,calibration,small,optimum
scp61,BPWO_BASE,PWO,V3-ELIT,MAX,1.0,1.0,0,30,15000,15000,191,141.0,2.1739130434782608,True,0.002,201210,44925,13.536433957982808,3.13.15,2.5.1,calibration,small,optimum
scp61,BPWO_BASE,PWO,V3-ELIT,MAX,1.0,1.0,1,30,15000,15000,124,141.0,2.1739130434782608,True,0.002,200995,44738,13.469566625077277,3.13.15,2.5.1,calibration,small,optimum
scp61,BPWO_BASE,PWO,V3-ELIT,MAX,1.0,1.0,2,30,15000,15000,126,143.0,3.6231884057971016,True,0.002,213890,45733,13.859929916914552,3.13.15,2.5.1,calibration,small,optimum
scp61,BPWO_BASE,PWO,V3-ELIT,MAX,1.0,1.0,3,30,15000,15000,200,141.0,2.1739130434782608,True,0.002,200383,44676,13.489367917180061,3.13.15,2.5.1,calibration,small,optimum
scp61,BPWO_BASE,PWO,V3-ELIT,MAX,1.0,1.0,4,30,15000,15000,307,141.0,2.1739130434782608,True,0.002,201667,45088,13.666617708746344,3.13.15,2.5.1,calibration,small,optimum
scpa1,BPWO_ANCHOR,PWO,S1-STD,MIN,4.0,6.0,0,30,15000,15000,473,254.0,0.3952569169960474,True,0.948,2919,60274,41.71205454180017,3.13.15,2.5.1,calibration,medium,optimum
scpa1,BPWO_ANCHOR,PWO,S1-STD,MIN,4.0,6.0,1,30,15000,15000,395,256.0,1.1857707509881423,True,0.9507333333333333,2832,59856,43.87959000002593,3.13.15,2.5.1,calibration,medium,optimum
scpa1,BPWO_ANCHOR,PWO,S1-STD,MIN,4.0,6.0,2,30,15000,15000,273,254.0,0.3952569169960474,True,0.9554666666666667,2482,60253,43.05269950022921,3.13.15,2.5.1,calibration,medium,optimum
scpa1,BPWO_ANCHOR,PWO,S1-STD,MIN,4.0,6.0,3,30,15000,15000,274,260.0,2.766798418972332,True,0.9544,2628,59967,44.35464662499726,3.13.15,2.5.1,calibration,medium,optimum
scpa1,BPWO_ANCHOR,PWO,S1-STD,MIN,4.0,6.0,4,30,15000,15000,457,258.0,1.976284584980237,True,0.9531333333333334,2521,59524,43.86009570769966,3.13.15,2.5.1,calibration,medium,optimum
scpa1,BPWO_BASE,PWO,V3-ELIT,MAX,1.0,1.0,0,30,15000,15000,151,257.0,1.5810276679841897,True,0.002,389755,114846,51.866698124911636,3.13.15,2.5.1,calibration,medium,optimum
scpa1,BPWO_BASE,PWO,V3-ELIT,MAX,1.0,1.0,1,30,15000,15000,147,256.0,1.1857707509881423,True,0.002,391600,115834,53.464904834050685,3.13.15,2.5.1,calibration,medium,optimum
scpa1,BPWO_BASE,PWO,V3-ELIT,MAX,1.0,1.0,2,30,15000,15000,121,256.0,1.1857707509881423,True,0.002,389962,115640,53.88672108296305,3.13.15,2.5.1,calibration,medium,optimum
scpa1,BPWO_BASE,PWO,V3-ELIT,MAX,1.0,1.0,3,30,15000,15000,176,257.0,1.5810276679841897,True,0.002,389312,111571,53.77050125040114,3.13.15,2.5.1,calibration,medium,optimum
scpa1,BPWO_BASE,PWO,V3-ELIT,MAX,1.0,1.0,4,30,15000,15000,188,257.0,1.5810276679841897,True,0.002,389395,113192,56.545276291668415,3.13.15,2.5.1,calibration,medium,optimum
scpb1,BPWO_ANCHOR,PWO,S1-STD,MIN,4.0,6.0,0,30,15000,15000,223,70.0,1.4492753623188406,True,0.9662,1712,60065,42.761430374812335,3.13.15,2.5.1,calibration,medium,optimum
scpb1,BPWO_ANCHOR,PWO,S1-STD,MIN,4.0,6.0,1,30,15000,15000,285,71.0,2.898550724637681,True,0.9657333333333333,1536,59882,43.00822104187682,3.13.15,2.5.1,calibration,medium,optimum
scpb1,BPWO_ANCHOR,PWO,S1-STD,MIN,4.0,6.0,2,30,15000,15000,333,70.0,1.4492753623188406,True,0.9666,1609,60432,42.40942129120231,3.13.15,2.5.1,calibration,medium,optimum
scpb1,BPWO_ANCHOR,PWO,S1-STD,MIN,4.0,6.0,3,30,15000,15000,171,70.0,1.4492753623188406,True,0.9677333333333333,1373,59731,41.389783082995564,3.13.15,2.5.1,calibration,medium,optimum
scpb1,BPWO_ANCHOR,PWO,S1-STD,MIN,4.0,6.0,4,30,15000,15000,269,70.0,1.4492753623188406,True,0.9636,1473,59758,40.67246741615236,3.13.15,2.5.1,calibration,medium,optimum
scpb1,BPWO_BASE,PWO,V3-ELIT,MAX,1.0,1.0,0,30,15000,15000,344,69.0,0.0,True,0.002,192768,55097,51.181325040757656,3.13.15,2.5.1,calibration,medium,optimum
scpb1,BPWO_BASE,PWO,V3-ELIT,MAX,1.0,1.0,1,30,15000,15000,261,69.0,0.0,True,0.002,194191,56707,51.71458158409223,3.13.15,2.5.1,calibration,medium,optimum
scpb1,BPWO_BASE,PWO,V3-ELIT,MAX,1.0,1.0,2,30,15000,15000,244,69.0,0.0,True,0.002,192250,55036,51.63273425027728,3.13.15,2.5.1,calibration,medium,optimum
scpb1,BPWO_BASE,PWO,V3-ELIT,MAX,1.0,1.0,3,30,15000,15000,186,69.0,0.0,True,0.002,192802,54528,57.14051779080182,3.13.15,2.5.1,calibration,medium,optimum
scpb1,BPWO_BASE,PWO,V3-ELIT,MAX,1.0,1.0,4,30,15000,15000,820,69.0,0.0,True,0.002,193216,54824,56.77112429169938,3.13.15,2.5.1,calibration,medium,optimum
scpc1,BPWO_ANCHOR,PWO,S1-STD,MIN,4.0,6.0,0,30,15000,15000,383,231.0,1.7621145374449338,True,0.9421333333333334,3920,80812,80.9093042910099,3.13.15,2.5.1,calibration,large,optimum
scpc1,BPWO_ANCHOR,PWO,S1-STD,MIN,4.0,6.0,1,30,15000,15000,304,229.0,0.8810572687224669,True,0.9471333333333334,3034,79883,81.48124545812607,3.13.15,2.5.1,calibration,large,optimum
scpc1,BPWO_ANCHOR,PWO,S1-STD,MIN,4.0,6.0,2,30,15000,15000,314,233.0,2.643171806167401,True,0.9389333333333333,3994,80711,80.93467066716403,3.13.15,2.5.1,calibration,large,optimum
scpc1,BPWO_ANCHOR,PWO,S1-STD,MIN,4.0,6.0,3,30,15000,15000,428,234.0,3.0837004405286343,True,0.9394,4086,80819,82.62187212519348,3.13.15,2.5.1,calibration,large,optimum
scpc1,BPWO_ANCHOR,PWO,S1-STD,MIN,4.0,6.0,4,30,15000,15000,344,233.0,2.643171806167401,True,0.9449333333333333,3377,80436,81.70320220803842,3.13.15,2.5.1,calibration,large,optimum
scpc1,BPWO_BASE,PWO,V3-ELIT,MAX,1.0,1.0,0,30,15000,15000,1120,231.0,1.7621145374449338,True,0.002,460285,129521,102.1987412921153,3.13.15,2.5.1,calibration,large,optimum
scpc1,BPWO_BASE,PWO,V3-ELIT,MAX,1.0,1.0,1,30,15000,15000,580,228.0,0.44052863436123346,True,0.002,458436,131390,102.25269658304751,3.13.15,2.5.1,calibration,large,optimum
scpc1,BPWO_BASE,PWO,V3-ELIT,MAX,1.0,1.0,2,30,15000,15000,603,228.0,0.44052863436123346,True,0.002,458240,130722,102.50530350022018,3.13.15,2.5.1,calibration,large,optimum
scpc1,BPWO_BASE,PWO,V3-ELIT,MAX,1.0,1.0,3,30,15000,15000,212,231.0,1.7621145374449338,True,0.002,459373,129176,102.97486633434892,3.13.15,2.5.1,calibration,large,optimum
scpc1,BPWO_BASE,PWO,V3-ELIT,MAX,1.0,1.0,4,30,15000,15000,376,228.0,0.44052863436123346,True,0.002,457715,131242,103.28316416591406,3.13.15,2.5.1,calibration,large,optimum
scpd1,BPWO_ANCHOR,PWO,S1-STD,MIN,4.0,6.0,0,30,15000,15000,267,61.0,1.6666666666666667,True,0.9632666666666667,1774,80378,79.61775491666049,3.13.15,2.5.1,calibration,large,optimum
scpd1,BPWO_ANCHOR,PWO,S1-STD,MIN,4.0,6.0,1,30,15000,15000,189,62.0,3.3333333333333335,True,0.9100666666666667,3635,81858,74.34630795801058,3.13.15,2.5.1,calibration,large,optimum
scpd1,BPWO_ANCHOR,PWO,S1-STD,MIN,4.0,6.0,2,30,15000,15000,538,61.0,1.6666666666666667,True,0.9606666666666667,1920,80313,73.99751208303496,3.13.15,2.5.1,calibration,large,optimum
scpd1,BPWO_ANCHOR,PWO,S1-STD,MIN,4.0,6.0,3,30,15000,15000,208,61.0,1.6666666666666667,True,0.9640666666666666,1729,80141,74.30038275010884,3.13.15,2.5.1,calibration,large,optimum
scpd1,BPWO_ANCHOR,PWO,S1-STD,MIN,4.0,6.0,4,30,15000,15000,183,62.0,3.3333333333333335,True,0.9526,2113,80724,74.78717904118821,3.13.15,2.5.1,calibration,large,optimum
scpd1,BPWO_BASE,PWO,V3-ELIT,MAX,1.0,1.0,0,30,15000,15000,7462,60.0,0.0,True,0.002,228997,96289,93.83243941701949,3.13.15,2.5.1,calibration,large,optimum
scpd1,BPWO_BASE,PWO,V3-ELIT,MAX,1.0,1.0,1,30,15000,15000,6444,60.0,0.0,True,0.002,225769,91759,102.8906465000473,3.13.15,2.5.1,calibration,large,optimum
scpd1,BPWO_BASE,PWO,V3-ELIT,MAX,1.0,1.0,2,30,15000,15000,1234,61.0,1.6666666666666667,True,0.002,223402,87036,103.96274112490937,3.13.15,2.5.1,calibration,large,optimum
scpd1,BPWO_BASE,PWO,V3-ELIT,MAX,1.0,1.0,3,30,15000,15000,1323,60.0,0.0,True,0.002,226552,92761,100.22787591675296,3.13.15,2.5.1,calibration,large,optimum
scpd1,BPWO_BASE,PWO,V3-ELIT,MAX,1.0,1.0,4,30,15000,15000,514,61.0,1.6666666666666667,True,0.002,223111,87075,99.14050683332607,3.13.15,2.5.1,calibration,large,optimum
scpnre1,BPWO_ANCHOR,PWO,S1-STD,MIN,4.0,6.0,0,30,15000,15000,131,29.0,0.0,True,0.9664,1095,99921,132.73021941725165,3.13.15,2.5.1,calibration,large,optimum
scpnre1,BPWO_ANCHOR,PWO,S1-STD,MIN,4.0,6.0,1,30,15000,15000,196,29.0,0.0,True,0.9666666666666667,1061,100389,133.84258508309722,3.13.15,2.5.1,calibration,large,optimum
scpnre1,BPWO_ANCHOR,PWO,S1-STD,MIN,4.0,6.0,2,30,15000,15000,344,29.0,0.0,True,0.9622,1510,100220,132.57287316583097,3.13.15,2.5.1,calibration,large,optimum
scpnre1,BPWO_ANCHOR,PWO,S1-STD,MIN,4.0,6.0,3,30,15000,15000,277,29.0,0.0,True,0.9718666666666667,996,99981,133.38408899959177,3.13.15,2.5.1,calibration,large,optimum
scpnre1,BPWO_ANCHOR,PWO,S1-STD,MIN,4.0,6.0,4,30,15000,15000,280,30.0,3.4482758620689653,True,0.9689333333333333,1123,100084,133.0572886671871,3.13.15,2.5.1,calibration,large,optimum
scpnre1,BPWO_BASE,PWO,V3-ELIT,MAX,1.0,1.0,0,30,15000,15000,64,29.0,0.0,True,0.002,133190,78910,155.30896345805377,3.13.15,2.5.1,calibration,large,optimum
scpnre1,BPWO_BASE,PWO,V3-ELIT,MAX,1.0,1.0,1,30,15000,15000,92,29.0,0.0,True,0.002,133548,79019,156.1541645838879,3.13.15,2.5.1,calibration,large,optimum
scpnre1,BPWO_BASE,PWO,V3-ELIT,MAX,1.0,1.0,2,30,15000,15000,175,29.0,0.0,True,0.002,134198,78552,155.369079249911,3.13.15,2.5.1,calibration,large,optimum
scpnre1,BPWO_BASE,PWO,V3-ELIT,MAX,1.0,1.0,3,30,15000,15000,91,29.0,0.0,True,0.002,133568,78535,154.35359233384952,3.13.15,2.5.1,calibration,large,optimum
scpnre1,BPWO_BASE,PWO,V3-ELIT,MAX,1.0,1.0,4,30,15000,15000,75,29.0,0.0,True,0.0021333333333333334,133873,79207,157.32259687501937,3.13.15,2.5.1,calibration,large,optimum
scpnrf1,BPWO_ANCHOR,PWO,S1-STD,MIN,4.0,6.0,0,30,15000,15000,692,14.0,0.0,True,0.9606666666666667,1017,100116,132.09702779212967,3.13.15,2.5.1,calibration,large,optimum
scpnrf1,BPWO_ANCHOR,PWO,S1-STD,MIN,4.0,6.0,1,30,15000,15000,50,15.0,7.142857142857143,True,0.9645333333333334,800,100213,128.18769041635096,3.13.15,2.5.1,calibration,large,optimum
scpnrf1,BPWO_ANCHOR,PWO,S1-STD,MIN,4.0,6.0,2,30,15000,15000,324,14.0,0.0,True,0.971,730,99929,129.03241891600192,3.13.15,2.5.1,calibration,large,optimum
scpnrf1,BPWO_ANCHOR,PWO,S1-STD,MIN,4.0,6.0,3,30,15000,15000,86,15.0,7.142857142857143,True,0.9741333333333333,650,99773,132.8647014158778,3.13.15,2.5.1,calibration,large,optimum
scpnrf1,BPWO_ANCHOR,PWO,S1-STD,MIN,4.0,6.0,4,30,15000,15000,158,14.0,0.0,True,0.9718,747,100200,133.22884316695854,3.13.15,2.5.1,calibration,large,optimum
scpnrf1,BPWO_BASE,PWO,V3-ELIT,MAX,1.0,1.0,0,30,15000,15000,503,14.0,0.0,True,0.009,66895,75698,148.8994650421664,3.13.15,2.5.1,calibration,large,optimum
scpnrf1,BPWO_BASE,PWO,V3-ELIT,MAX,1.0,1.0,1,30,15000,15000,844,14.0,0.0,True,0.009133333333333334,64644,75630,149.1480641248636,3.13.15,2.5.1,calibration,large,optimum
scpnrf1,BPWO_BASE,PWO,V3-ELIT,MAX,1.0,1.0,2,30,15000,15000,83,14.0,0.0,True,0.009266666666666666,66342,75301,151.49780687503517,3.13.15,2.5.1,calibration,large,optimum
scpnrf1,BPWO_BASE,PWO,V3-ELIT,MAX,1.0,1.0,3,30,15000,15000,68,14.0,0.0,True,0.008866666666666667,66078,75389,149.32992229191586,3.13.15,2.5.1,calibration,large,optimum
scpnrf1,BPWO_BASE,PWO,V3-ELIT,MAX,1.0,1.0,4,30,15000,15000,92,14.0,0.0,True,0.0096,65401,75976,149.6776023330167,3.13.15,2.5.1,calibration,large,optimum
scpnrg1,BPWO_ANCHOR,PWO,S1-STD,MIN,4.0,6.0,0,30,15000,15000,556,182.0,3.409090909090909,True,0.9314666666666667,6348,202358,560.3814401249401,3.13.15,2.5.1,calibration,very_large,best_known
scpnrg1,BPWO_ANCHOR,PWO,S1-STD,MIN,4.0,6.0,1,30,15000,15000,521,182.0,3.409090909090909,True,0.9179333333333334,7029,202869,560.3383119576611,3.13.15,2.5.1,calibration,very_large,best_known
scpnrg1,BPWO_ANCHOR,PWO,S1-STD,MIN,4.0,6.0,2,30,15000,15000,2743,182.0,3.409090909090909,True,0.9304666666666667,6427,202106,564.208657791838,3.13.15,2.5.1,calibration,very_large,best_known
scpnrg1,BPWO_ANCHOR,PWO,S1-STD,MIN,4.0,6.0,3,30,15000,15000,548,180.0,2.272727272727273,True,0.9195333333333333,6390,202848,564.5642437078059,3.13.15,2.5.1,calibration,very_large,best_known
scpnrg1,BPWO_ANCHOR,PWO,S1-STD,MIN,4.0,6.0,4,30,15000,15000,436,180.0,2.272727272727273,True,0.93,5937,201795,534.1913135829382,3.13.15,2.5.1,calibration,very_large,best_known
scpnrg1,BPWO_BASE,PWO,V3-ELIT,MAX,1.0,1.0,0,30,15000,15000,3242,178.0,1.1363636363636365,True,0.002,568253,224283,618.1433861250989,3.13.15,2.5.1,calibration,very_large,best_known
scpnrg1,BPWO_BASE,PWO,V3-ELIT,MAX,1.0,1.0,1,30,15000,15000,537,180.0,2.272727272727273,True,0.002,581013,234758,624.774948624894,3.13.15,2.5.1,calibration,very_large,best_known
scpnrg1,BPWO_BASE,PWO,V3-ELIT,MAX,1.0,1.0,2,30,15000,15000,14227,178.0,1.1363636363636365,True,0.002,561955,213913,622.6149993329309,3.13.15,2.5.1,calibration,very_large,best_known
scpnrg1,BPWO_BASE,PWO,V3-ELIT,MAX,1.0,1.0,3,30,15000,15000,8950,178.0,1.1363636363636365,True,0.002,566724,219673,625.5415844582021,3.13.15,2.5.1,calibration,very_large,best_known
scpnrg1,BPWO_BASE,PWO,V3-ELIT,MAX,1.0,1.0,4,30,15000,15000,1053,178.0,1.1363636363636365,True,0.002,574607,224042,634.0149072082713,3.13.15,2.5.1,calibration,very_large,best_known
scpnrh1,BPWO_ANCHOR,PWO,S1-STD,MIN,4.0,6.0,0,30,15000,15000,478,66.0,4.761904761904762,True,0.9408666666666666,3884,201642,551.1230244161561,3.13.15,2.5.1,calibration,very_large,best_known
scpnrh1,BPWO_ANCHOR,PWO,S1-STD,MIN,4.0,6.0,1,30,15000,15000,429,66.0,4.761904761904762,True,0.9359333333333333,4184,202013,493.09460491733626,3.13.15,2.5.1,calibration,very_large,best_known
scpnrh1,BPWO_ANCHOR,PWO,S1-STD,MIN,4.0,6.0,2,30,15000,15000,461,68.0,7.936507936507937,True,0.9487333333333333,3331,201012,490.5456584999338,3.13.15,2.5.1,calibration,very_large,best_known
scpnrh1,BPWO_ANCHOR,PWO,S1-STD,MIN,4.0,6.0,3,30,15000,15000,11171,66.0,4.761904761904762,True,0.925,4332,202797,185.7392299999483,3.13.15,2.5.1,calibration,very_large,best_known
scpnrh1,BPWO_ANCHOR,PWO,S1-STD,MIN,4.0,6.0,4,30,15000,15000,512,67.0,6.349206349206349,True,0.945,3772,201557,185.76877266680822,3.13.15,2.5.1,calibration,very_large,best_known
scpnrh1,BPWO_BASE,PWO,V3-ELIT,MAX,1.0,1.0,0,30,15000,15000,7451,64.0,1.5873015873015872,True,0.002,281605,166397,583.6878680419177,3.13.15,2.5.1,calibration,very_large,best_known
scpnrh1,BPWO_BASE,PWO,V3-ELIT,MAX,1.0,1.0,1,30,15000,15000,634,65.0,3.1746031746031744,True,0.002,280468,169193,599.5720804999582,3.13.15,2.5.1,calibration,very_large,best_known
scpnrh1,BPWO_BASE,PWO,V3-ELIT,MAX,1.0,1.0,2,30,15000,15000,10930,66.0,4.761904761904762,True,0.002,280626,165367,599.2593914158642,3.13.15,2.5.1,calibration,very_large,best_known
scpnrh1,BPWO_BASE,PWO,V3-ELIT,MAX,1.0,1.0,3,30,15000,15000,1530,65.0,3.1746031746031744,True,0.002,282028,169562,331.144520083908,3.13.15,2.5.1,calibration,very_large,best_known
scpnrh1,BPWO_BASE,PWO,V3-ELIT,MAX,1.0,1.0,4,30,15000,15000,3726,64.0,1.5873015873015872,True,0.002,280757,166104,326.0834301249124,3.13.15,2.5.1,calibration,very_large,best_known
