instance,algorithm,movement_mode,scheme,rally_mode,binarization_input,seed,population,evaluation_budget,evaluations,best_found_at_evaluation,cost,rpd,feasible,initially_feasible_rate,added_columns,removed_columns,runtime_seconds,python,numpy,role,scale,reference_type
scp43,BPWO_BASE,PWO,V3-ELIT,THRESHOLD,POSITION,0,10,300,300,102,520.0,0.7751937984496124,True,0.03333333333333333,6778,5375,0.5883874166756868,3.13.15,2.5.1,development,small,optimum
scp43,BPWO_BASE,PWO,V3-ELIT,THRESHOLD,POSITION,1,10,300,300,251,520.0,0.7751937984496124,True,0.03333333333333333,6891,5380,0.5818205829709768,3.13.15,2.5.1,development,small,optimum
scp43,BPWO_BASE,PWO,V3-ELIT,THRESHOLD,POSITION,2,10,300,300,246,520.0,0.7751937984496124,True,0.03333333333333333,6834,5456,0.5748314168304205,3.13.15,2.5.1,development,small,optimum
scp43,BPWO_DELTA,PWO,V3-COMP,THRESHOLD,DELTA,0,10,300,300,100,570.0,10.465116279069768,True,0.8,366,4658,0.2394650406204164,3.13.15,2.5.1,development,small,optimum
scp43,BPWO_DELTA,PWO,V3-COMP,THRESHOLD,DELTA,1,10,300,300,115,561.0,8.720930232558139,True,0.6933333333333334,617,4931,0.24473854061216116,3.13.15,2.5.1,development,small,optimum
scp43,BPWO_DELTA,PWO,V3-COMP,THRESHOLD,DELTA,2,10,300,300,80,543.0,5.232558139534884,True,0.79,481,4820,0.23135204100981355,3.13.15,2.5.1,development,small,optimum
scp43,BPWO_DELTA_PROB,PWO,V3-COMP,PROBABILISTIC,DELTA,0,10,300,300,101,528.0,2.3255813953488373,True,0.7266666666666667,543,4869,0.2996564577333629,3.13.15,2.5.1,development,small,optimum
scp43,BPWO_DELTA_PROB,PWO,V3-COMP,PROBABILISTIC,DELTA,1,10,300,300,71,542.0,5.038759689922481,True,0.7966666666666666,465,4774,0.2949251253157854,3.13.15,2.5.1,development,small,optimum
scp43,BPWO_DELTA_PROB,PWO,V3-COMP,PROBABILISTIC,DELTA,2,10,300,300,86,543.0,5.232558139534884,True,0.75,462,4889,0.3006939999759197,3.13.15,2.5.1,development,small,optimum
scp43,BPWO_PROB,PWO,V3-ELIT,PROBABILISTIC,POSITION,0,10,300,300,73,520.0,0.7751937984496124,True,0.03333333333333333,6763,5353,0.4526693341322243,3.13.15,2.5.1,development,small,optimum
scp43,BPWO_PROB,PWO,V3-ELIT,PROBABILISTIC,POSITION,1,10,300,300,191,520.0,0.7751937984496124,True,0.03333333333333333,6713,5391,0.4627570826560259,3.13.15,2.5.1,development,small,optimum
scp43,BPWO_PROB,PWO,V3-ELIT,PROBABILISTIC,POSITION,2,10,300,300,71,520.0,0.7751937984496124,True,0.03333333333333333,6759,5479,0.4629779173992574,3.13.15,2.5.1,development,small,optimum
scp53,BPWO_BASE,PWO,V3-ELIT,THRESHOLD,POSITION,0,10,300,300,52,229.0,1.3274336283185841,True,0.03333333333333333,6530,10342,0.8090647081844509,3.13.15,2.5.1,development,small,optimum
scp53,BPWO_BASE,PWO,V3-ELIT,THRESHOLD,POSITION,1,10,300,300,66,232.0,2.6548672566371683,True,0.03333333333333333,6305,10276,0.6636011670343578,3.13.15,2.5.1,development,small,optimum
scp53,BPWO_BASE,PWO,V3-ELIT,THRESHOLD,POSITION,2,10,300,300,48,232.0,2.6548672566371683,True,0.03333333333333333,6313,10278,0.669712333008647,3.13.15,2.5.1,development,small,optimum
scp53,BPWO_DELTA,PWO,V3-COMP,THRESHOLD,DELTA,0,10,300,300,74,230.0,1.7699115044247788,True,0.8033333333333333,398,9692,0.44370283326134086,3.13.15,2.5.1,development,small,optimum
scp53,BPWO_DELTA,PWO,V3-COMP,THRESHOLD,DELTA,1,10,300,300,107,232.0,2.6548672566371683,True,0.71,495,9912,0.4162827502004802,3.13.15,2.5.1,development,small,optimum
scp53,BPWO_DELTA,PWO,V3-COMP,THRESHOLD,DELTA,2,10,300,300,83,243.0,7.522123893805309,True,0.7733333333333333,454,9848,0.4179721660912037,3.13.15,2.5.1,development,small,optimum
scp53,BPWO_DELTA_PROB,PWO,V3-COMP,PROBABILISTIC,DELTA,0,10,300,300,61,250.0,10.619469026548673,True,0.8166666666666667,412,9747,0.384097833186388,3.13.15,2.5.1,development,small,optimum
scp53,BPWO_DELTA_PROB,PWO,V3-COMP,PROBABILISTIC,DELTA,1,10,300,300,71,229.0,1.3274336283185841,True,0.76,482,9923,0.38852495793253183,3.13.15,2.5.1,development,small,optimum
scp53,BPWO_DELTA_PROB,PWO,V3-COMP,PROBABILISTIC,DELTA,2,10,300,300,108,238.0,5.3097345132743365,True,0.6633333333333333,531,9938,0.39703966584056616,3.13.15,2.5.1,development,small,optimum
scp53,BPWO_PROB,PWO,V3-ELIT,PROBABILISTIC,POSITION,0,10,300,300,43,232.0,2.6548672566371683,True,0.03333333333333333,6296,10243,0.6634390419349074,3.13.15,2.5.1,development,small,optimum
scp53,BPWO_PROB,PWO,V3-ELIT,PROBABILISTIC,POSITION,1,10,300,300,51,232.0,2.6548672566371683,True,0.03333333333333333,6326,10291,0.6472345418296754,3.13.15,2.5.1,development,small,optimum
scp53,BPWO_PROB,PWO,V3-ELIT,PROBABILISTIC,POSITION,2,10,300,300,62,229.0,1.3274336283185841,True,0.03333333333333333,6308,10272,0.6417695418931544,3.13.15,2.5.1,development,small,optimum
scp63,BPWO_BASE,PWO,V3-ELIT,THRESHOLD,POSITION,0,10,300,300,43,148.0,2.0689655172413794,True,0.03333333333333333,3813,5158,0.39252049988135695,3.13.15,2.5.1,development,small,optimum
scp63,BPWO_BASE,PWO,V3-ELIT,THRESHOLD,POSITION,1,10,300,300,93,148.0,2.0689655172413794,True,0.03333333333333333,3973,5244,0.3999228747561574,3.13.15,2.5.1,development,small,optimum
scp63,BPWO_BASE,PWO,V3-ELIT,THRESHOLD,POSITION,2,10,300,300,49,151.0,4.137931034482759,True,0.03333333333333333,3809,5037,0.36423329124227166,3.13.15,2.5.1,development,small,optimum
scp63,BPWO_DELTA,PWO,V3-COMP,THRESHOLD,DELTA,0,10,300,300,54,152.0,4.827586206896552,True,0.8166666666666667,239,4792,0.23400350008159876,3.13.15,2.5.1,development,small,optimum
scp63,BPWO_DELTA,PWO,V3-COMP,THRESHOLD,DELTA,1,10,300,300,53,150.0,3.4482758620689653,True,0.81,276,4851,0.22976316697895527,3.13.15,2.5.1,development,small,optimum
scp63,BPWO_DELTA,PWO,V3-COMP,THRESHOLD,DELTA,2,10,300,300,53,150.0,3.4482758620689653,True,0.8566666666666667,241,4892,0.22579354140907526,3.13.15,2.5.1,development,small,optimum
scp63,BPWO_DELTA_PROB,PWO,V3-COMP,PROBABILISTIC,DELTA,0,10,300,300,75,150.0,3.4482758620689653,True,0.76,329,4889,0.21745062479749322,3.13.15,2.5.1,development,small,optimum
scp63,BPWO_DELTA_PROB,PWO,V3-COMP,PROBABILISTIC,DELTA,1,10,300,300,39,148.0,2.0689655172413794,True,0.8433333333333334,260,4826,0.20105379214510322,3.13.15,2.5.1,development,small,optimum
scp63,BPWO_DELTA_PROB,PWO,V3-COMP,PROBABILISTIC,DELTA,2,10,300,300,41,151.0,4.137931034482759,True,0.82,266,4855,0.23129041586071253,3.13.15,2.5.1,development,small,optimum
scp63,BPWO_PROB,PWO,V3-ELIT,PROBABILISTIC,POSITION,0,10,300,300,211,148.0,2.0689655172413794,True,0.03333333333333333,3822,4987,0.3707715831696987,3.13.15,2.5.1,development,small,optimum
scp63,BPWO_PROB,PWO,V3-ELIT,PROBABILISTIC,POSITION,1,10,300,300,41,151.0,4.137931034482759,True,0.03333333333333333,3900,5058,0.365066375117749,3.13.15,2.5.1,development,small,optimum
scp63,BPWO_PROB,PWO,V3-ELIT,PROBABILISTIC,POSITION,2,10,300,300,183,148.0,2.0689655172413794,True,0.03333333333333333,3953,5207,0.3572284998372197,3.13.15,2.5.1,development,small,optimum
scpa3,BPWO_BASE,PWO,V3-ELIT,THRESHOLD,POSITION,0,10,300,300,131,240.0,3.4482758620689653,True,0.03333333333333333,7800,15378,1.228824291843921,3.13.15,2.5.1,development,medium,optimum
scpa3,BPWO_BASE,PWO,V3-ELIT,THRESHOLD,POSITION,1,10,300,300,109,240.0,3.4482758620689653,True,0.03333333333333333,7716,15497,1.245780499652028,3.13.15,2.5.1,development,medium,optimum
scpa3,BPWO_BASE,PWO,V3-ELIT,THRESHOLD,POSITION,2,10,300,300,64,240.0,3.4482758620689653,True,0.03333333333333333,8018,15710,1.2698137499392033,3.13.15,2.5.1,development,medium,optimum
scpa3,BPWO_DELTA,PWO,V3-COMP,THRESHOLD,DELTA,0,10,300,300,87,252.0,8.620689655172415,True,0.77,559,14768,0.806861124932766,3.13.15,2.5.1,development,medium,optimum
scpa3,BPWO_DELTA,PWO,V3-COMP,THRESHOLD,DELTA,1,10,300,300,84,247.0,6.4655172413793105,True,0.8,465,14861,0.7950323750264943,3.13.15,2.5.1,development,medium,optimum
scpa3,BPWO_DELTA,PWO,V3-COMP,THRESHOLD,DELTA,2,10,300,300,82,247.0,6.4655172413793105,True,0.7133333333333334,622,15057,0.8087897920049727,3.13.15,2.5.1,development,medium,optimum
scpa3,BPWO_DELTA_PROB,PWO,V3-COMP,PROBABILISTIC,DELTA,0,10,300,300,89,245.0,5.603448275862069,True,0.74,657,14871,0.8260490419343114,3.13.15,2.5.1,development,medium,optimum
scpa3,BPWO_DELTA_PROB,PWO,V3-COMP,PROBABILISTIC,DELTA,1,10,300,300,61,241.0,3.8793103448275863,True,0.69,770,15048,0.8404432502575219,3.13.15,2.5.1,development,medium,optimum
scpa3,BPWO_DELTA_PROB,PWO,V3-COMP,PROBABILISTIC,DELTA,2,10,300,300,65,260.0,12.068965517241379,True,0.8266666666666667,361,14759,0.8431293331086636,3.13.15,2.5.1,development,medium,optimum
scpa3,BPWO_PROB,PWO,V3-ELIT,PROBABILISTIC,POSITION,0,10,300,300,251,239.0,3.0172413793103448,True,0.03333333333333333,7642,15345,1.6383456657640636,3.13.15,2.5.1,development,medium,optimum
scpa3,BPWO_PROB,PWO,V3-ELIT,PROBABILISTIC,POSITION,1,10,300,300,117,239.0,3.0172413793103448,True,0.03333333333333333,7622,15275,1.6497538750991225,3.13.15,2.5.1,development,medium,optimum
scpa3,BPWO_PROB,PWO,V3-ELIT,PROBABILISTIC,POSITION,2,10,300,300,81,240.0,3.4482758620689653,True,0.03333333333333333,7714,15557,1.6468042908236384,3.13.15,2.5.1,development,medium,optimum
scpb3,BPWO_BASE,PWO,V3-ELIT,THRESHOLD,POSITION,0,10,300,300,62,81.0,1.25,True,0.03333333333333333,3971,14744,1.135625584051013,3.13.15,2.5.1,development,medium,optimum
scpb3,BPWO_BASE,PWO,V3-ELIT,THRESHOLD,POSITION,1,10,300,300,41,81.0,1.25,True,0.03333333333333333,3912,14874,1.0539382910355926,3.13.15,2.5.1,development,medium,optimum
scpb3,BPWO_BASE,PWO,V3-ELIT,THRESHOLD,POSITION,2,10,300,300,100,81.0,1.25,True,0.03333333333333333,3966,14956,1.0466430420055985,3.13.15,2.5.1,development,medium,optimum
scpb3,BPWO_DELTA,PWO,V3-COMP,THRESHOLD,DELTA,0,10,300,300,53,90.0,12.5,True,0.8733333333333333,224,14735,0.775683875195682,3.13.15,2.5.1,development,medium,optimum
scpb3,BPWO_DELTA,PWO,V3-COMP,THRESHOLD,DELTA,1,10,300,300,48,83.0,3.75,True,0.81,286,14939,0.8317741672508419,3.13.15,2.5.1,development,medium,optimum
scpb3,BPWO_DELTA,PWO,V3-COMP,THRESHOLD,DELTA,2,10,300,300,74,80.0,0.0,True,0.7866666666666666,320,15030,0.8513958747498691,3.13.15,2.5.1,development,medium,optimum
scpb3,BPWO_DELTA_PROB,PWO,V3-COMP,PROBABILISTIC,DELTA,0,10,300,300,65,82.0,2.5,True,0.77,359,14859,0.8118282495997846,3.13.15,2.5.1,development,medium,optimum
scpb3,BPWO_DELTA_PROB,PWO,V3-COMP,PROBABILISTIC,DELTA,1,10,300,300,34,82.0,2.5,True,0.6866666666666666,396,15018,0.7519521252252162,3.13.15,2.5.1,development,medium,optimum
scpb3,BPWO_DELTA_PROB,PWO,V3-COMP,PROBABILISTIC,DELTA,2,10,300,300,120,81.0,1.25,True,0.6266666666666667,457,15190,0.7434410420246422,3.13.15,2.5.1,development,medium,optimum
scpb3,BPWO_PROB,PWO,V3-ELIT,PROBABILISTIC,POSITION,0,10,300,300,47,81.0,1.25,True,0.03333333333333333,3987,14741,1.4831537497229874,3.13.15,2.5.1,development,medium,optimum
scpb3,BPWO_PROB,PWO,V3-ELIT,PROBABILISTIC,POSITION,1,10,300,300,122,80.0,0.0,True,0.03333333333333333,4059,14862,1.0727328332141042,3.13.15,2.5.1,development,medium,optimum
scpb3,BPWO_PROB,PWO,V3-ELIT,PROBABILISTIC,POSITION,2,10,300,300,144,81.0,1.25,True,0.03333333333333333,4080,14973,1.0583354169502854,3.13.15,2.5.1,development,medium,optimum
scpc3,BPWO_BASE,PWO,V3-ELIT,THRESHOLD,POSITION,0,10,300,300,182,245.0,0.823045267489712,True,0.03333333333333333,8205,19861,1.8556904159486294,3.13.15,2.5.1,development,large,optimum
scpc3,BPWO_BASE,PWO,V3-ELIT,THRESHOLD,POSITION,1,10,300,300,66,247.0,1.646090534979424,True,0.03333333333333333,8278,19896,1.8137634159065783,3.13.15,2.5.1,development,large,optimum
scpc3,BPWO_BASE,PWO,V3-ELIT,THRESHOLD,POSITION,2,10,300,300,94,250.0,2.880658436213992,True,0.03333333333333333,8590,20286,1.793212333228439,3.13.15,2.5.1,development,large,optimum
scpc3,BPWO_DELTA,PWO,V3-COMP,THRESHOLD,DELTA,0,10,300,300,115,263.0,8.23045267489712,True,0.6833333333333333,791,20020,1.2457057498395443,3.13.15,2.5.1,development,large,optimum
scpc3,BPWO_DELTA,PWO,V3-COMP,THRESHOLD,DELTA,1,10,300,300,62,256.0,5.349794238683128,True,0.7333333333333333,727,19768,1.243706583045423,3.13.15,2.5.1,development,large,optimum
scpc3,BPWO_DELTA,PWO,V3-COMP,THRESHOLD,DELTA,2,10,300,300,96,259.0,6.584362139917696,True,0.5866666666666667,964,20121,1.2304900409653783,3.13.15,2.5.1,development,large,optimum
scpc3,BPWO_DELTA_PROB,PWO,V3-COMP,PROBABILISTIC,DELTA,0,10,300,300,81,253.0,4.11522633744856,True,0.76,651,19846,1.2341766669414937,3.13.15,2.5.1,development,large,optimum
scpc3,BPWO_DELTA_PROB,PWO,V3-COMP,PROBABILISTIC,DELTA,1,10,300,300,94,262.0,7.818930041152264,True,0.75,744,19707,1.221511125098914,3.13.15,2.5.1,development,large,optimum
scpc3,BPWO_DELTA_PROB,PWO,V3-COMP,PROBABILISTIC,DELTA,2,10,300,300,102,252.0,3.7037037037037037,True,0.6833333333333333,792,19945,1.2904823329299688,3.13.15,2.5.1,development,large,optimum
scpc3,BPWO_PROB,PWO,V3-ELIT,PROBABILISTIC,POSITION,0,10,300,300,157,247.0,1.646090534979424,True,0.03333333333333333,8204,19924,1.894633624702692,3.13.15,2.5.1,development,large,optimum
scpc3,BPWO_PROB,PWO,V3-ELIT,PROBABILISTIC,POSITION,1,10,300,300,81,246.0,1.2345679012345678,True,0.03333333333333333,8244,19889,1.88325533317402,3.13.15,2.5.1,development,large,optimum
scpc3,BPWO_PROB,PWO,V3-ELIT,PROBABILISTIC,POSITION,2,10,300,300,214,248.0,2.05761316872428,True,0.03333333333333333,8264,20035,1.7602297090925276,3.13.15,2.5.1,development,large,optimum
scpd3,BPWO_BASE,PWO,V3-ELIT,THRESHOLD,POSITION,0,10,300,300,72,72.0,0.0,True,0.03333333333333333,4720,20083,1.7010034588165581,3.13.15,2.5.1,development,large,optimum
scpd3,BPWO_BASE,PWO,V3-ELIT,THRESHOLD,POSITION,1,10,300,300,67,74.0,2.7777777777777777,True,0.03333333333333333,4622,19957,1.5910252495668828,3.13.15,2.5.1,development,large,optimum
scpd3,BPWO_BASE,PWO,V3-ELIT,THRESHOLD,POSITION,2,10,300,300,46,73.0,1.3888888888888888,True,0.03333333333333333,4302,19983,1.5824469169601798,3.13.15,2.5.1,development,large,optimum
scpd3,BPWO_DELTA,PWO,V3-COMP,THRESHOLD,DELTA,0,10,300,300,78,75.0,4.166666666666667,True,0.72,474,19963,1.1829482498578727,3.13.15,2.5.1,development,large,optimum
scpd3,BPWO_DELTA,PWO,V3-COMP,THRESHOLD,DELTA,1,10,300,300,79,76.0,5.555555555555555,True,0.78,362,19750,1.1873370418325067,3.13.15,2.5.1,development,large,optimum
scpd3,BPWO_DELTA,PWO,V3-COMP,THRESHOLD,DELTA,2,10,300,300,80,78.0,8.333333333333334,True,0.7833333333333333,429,19998,1.196381791960448,3.13.15,2.5.1,development,large,optimum
scpd3,BPWO_DELTA_PROB,PWO,V3-COMP,PROBABILISTIC,DELTA,0,10,300,300,75,76.0,5.555555555555555,True,0.7566666666666667,356,19856,1.2640115423128009,3.13.15,2.5.1,development,large,optimum
scpd3,BPWO_DELTA_PROB,PWO,V3-COMP,PROBABILISTIC,DELTA,1,10,300,300,70,78.0,8.333333333333334,True,0.82,370,19738,1.251143249683082,3.13.15,2.5.1,development,large,optimum
scpd3,BPWO_DELTA_PROB,PWO,V3-COMP,PROBABILISTIC,DELTA,2,10,300,300,121,74.0,2.7777777777777777,True,0.59,619,20168,1.2556662079878151,3.13.15,2.5.1,development,large,optimum
scpd3,BPWO_PROB,PWO,V3-ELIT,PROBABILISTIC,POSITION,0,10,300,300,53,74.0,2.7777777777777777,True,0.03333333333333333,4735,20245,1.6547647500410676,3.13.15,2.5.1,development,large,optimum
scpd3,BPWO_PROB,PWO,V3-ELIT,PROBABILISTIC,POSITION,1,10,300,300,66,74.0,2.7777777777777777,True,0.03333333333333333,4670,19963,1.7169878329150379,3.13.15,2.5.1,development,large,optimum
scpd3,BPWO_PROB,PWO,V3-ELIT,PROBABILISTIC,POSITION,2,10,300,300,58,76.0,5.555555555555555,True,0.03333333333333333,4828,20296,1.7243827083148062,3.13.15,2.5.1,development,large,optimum
scpnre3,BPWO_BASE,PWO,V3-ELIT,THRESHOLD,POSITION,0,10,300,300,41,28.0,3.7037037037037037,True,0.03333333333333333,2323,24629,2.358130792155862,3.13.15,2.5.1,development,large,optimum
scpnre3,BPWO_BASE,PWO,V3-ELIT,THRESHOLD,POSITION,1,10,300,300,133,28.0,3.7037037037037037,True,0.03333333333333333,2393,24858,2.384698166977614,3.13.15,2.5.1,development,large,optimum
scpnre3,BPWO_BASE,PWO,V3-ELIT,THRESHOLD,POSITION,2,10,300,300,51,28.0,3.7037037037037037,True,0.03333333333333333,2451,24821,2.323040292132646,3.13.15,2.5.1,development,large,optimum
scpnre3,BPWO_DELTA,PWO,V3-COMP,THRESHOLD,DELTA,0,10,300,300,68,29.0,7.407407407407407,True,0.79,203,24831,2.2486115829087794,3.13.15,2.5.1,development,large,optimum
scpnre3,BPWO_DELTA,PWO,V3-COMP,THRESHOLD,DELTA,1,10,300,300,40,29.0,7.407407407407407,True,0.8233333333333334,180,24994,2.243711874820292,3.13.15,2.5.1,development,large,optimum
scpnre3,BPWO_DELTA,PWO,V3-COMP,THRESHOLD,DELTA,2,10,300,300,56,29.0,7.407407407407407,True,0.8333333333333334,166,24960,2.089133500121534,3.13.15,2.5.1,development,large,optimum
scpnre3,BPWO_DELTA_PROB,PWO,V3-COMP,PROBABILISTIC,DELTA,0,10,300,300,54,28.0,3.7037037037037037,True,0.8566666666666667,151,24775,2.100295915734023,3.13.15,2.5.1,development,large,optimum
scpnre3,BPWO_DELTA_PROB,PWO,V3-COMP,PROBABILISTIC,DELTA,1,10,300,300,54,31.0,14.814814814814815,True,0.85,142,24965,2.106774916872382,3.13.15,2.5.1,development,large,optimum
scpnre3,BPWO_DELTA_PROB,PWO,V3-COMP,PROBABILISTIC,DELTA,2,10,300,300,77,28.0,3.7037037037037037,True,0.7266666666666667,278,25012,2.0120500838384032,3.13.15,2.5.1,development,large,optimum
scpnre3,BPWO_PROB,PWO,V3-ELIT,PROBABILISTIC,POSITION,0,10,300,300,34,29.0,7.407407407407407,True,0.03333333333333333,2465,24704,2.3019660003483295,3.13.15,2.5.1,development,large,optimum
scpnre3,BPWO_PROB,PWO,V3-ELIT,PROBABILISTIC,POSITION,1,10,300,300,53,28.0,3.7037037037037037,True,0.03333333333333333,2603,24948,2.361782417166978,3.13.15,2.5.1,development,large,optimum
scpnre3,BPWO_PROB,PWO,V3-ELIT,PROBABILISTIC,POSITION,2,10,300,300,21,28.0,3.7037037037037037,True,0.03333333333333333,2383,24804,2.6844581249170005,3.13.15,2.5.1,development,large,optimum
scpnrf3,BPWO_BASE,PWO,V3-ELIT,THRESHOLD,POSITION,0,10,300,300,76,14.0,0.0,True,0.043333333333333335,1340,24762,2.233502666000277,3.13.15,2.5.1,development,large,optimum
scpnrf3,BPWO_BASE,PWO,V3-ELIT,THRESHOLD,POSITION,1,10,300,300,19,14.0,0.0,True,0.04,1316,24960,2.3362399158068,3.13.15,2.5.1,development,large,optimum
scpnrf3,BPWO_BASE,PWO,V3-ELIT,THRESHOLD,POSITION,2,10,300,300,73,15.0,7.142857142857143,True,0.04,1387,24894,2.3123984578996897,3.13.15,2.5.1,development,large,optimum
scpnrf3,BPWO_DELTA,PWO,V3-COMP,THRESHOLD,DELTA,0,10,300,300,38,16.0,14.285714285714286,True,0.8766666666666667,101,24800,2.0942045003175735,3.13.15,2.5.1,development,large,optimum
scpnrf3,BPWO_DELTA,PWO,V3-COMP,THRESHOLD,DELTA,1,10,300,300,21,14.0,0.0,True,0.8066666666666666,131,25016,1.964660415891558,3.13.15,2.5.1,development,large,optimum
scpnrf3,BPWO_DELTA,PWO,V3-COMP,THRESHOLD,DELTA,2,10,300,300,26,16.0,14.285714285714286,True,0.9133333333333333,55,24939,1.952637624926865,3.13.15,2.5.1,development,large,optimum
scpnrf3,BPWO_DELTA_PROB,PWO,V3-COMP,PROBABILISTIC,DELTA,0,10,300,300,90,15.0,7.142857142857143,True,0.79,142,24844,1.9994926252402365,3.13.15,2.5.1,development,large,optimum
scpnrf3,BPWO_DELTA_PROB,PWO,V3-COMP,PROBABILISTIC,DELTA,1,10,300,300,24,15.0,7.142857142857143,True,0.8833333333333333,78,25000,1.9481712090782821,3.13.15,2.5.1,development,large,optimum
scpnrf3,BPWO_DELTA_PROB,PWO,V3-COMP,PROBABILISTIC,DELTA,2,10,300,300,16,16.0,14.285714285714286,True,0.7866666666666666,131,25003,1.949087165761739,3.13.15,2.5.1,development,large,optimum
scpnrf3,BPWO_PROB,PWO,V3-ELIT,PROBABILISTIC,POSITION,0,10,300,300,41,15.0,7.142857142857143,True,0.03666666666666667,1404,24734,2.5959104583598673,3.13.15,2.5.1,development,large,optimum
scpnrf3,BPWO_PROB,PWO,V3-ELIT,PROBABILISTIC,POSITION,1,10,300,300,25,14.0,0.0,True,0.04,1375,24961,2.3768922090530396,3.13.15,2.5.1,development,large,optimum
scpnrf3,BPWO_PROB,PWO,V3-ELIT,PROBABILISTIC,POSITION,2,10,300,300,26,15.0,7.142857142857143,True,0.043333333333333335,1426,24887,2.3472007079981267,3.13.15,2.5.1,development,large,optimum
scpnrg3,BPWO_BASE,PWO,V3-ELIT,THRESHOLD,POSITION,0,10,300,300,131,169.0,1.8072289156626506,True,0.03333333333333333,11267,50063,9.806196917314082,3.13.15,2.5.1,development,very_large,best_known
scpnrg3,BPWO_BASE,PWO,V3-ELIT,THRESHOLD,POSITION,1,10,300,300,234,172.0,3.6144578313253013,True,0.03333333333333333,11997,50347,9.93121170764789,3.13.15,2.5.1,development,very_large,best_known
scpnrg3,BPWO_BASE,PWO,V3-ELIT,THRESHOLD,POSITION,2,10,300,300,51,173.0,4.216867469879518,True,0.03333333333333333,11897,49863,8.83992716576904,3.13.15,2.5.1,development,very_large,best_known
scpnrg3,BPWO_DELTA,PWO,V3-COMP,THRESHOLD,DELTA,0,10,300,300,87,176.0,6.024096385542169,True,0.72,1046,49973,7.210465916898102,3.13.15,2.5.1,development,very_large,best_known
scpnrg3,BPWO_DELTA,PWO,V3-COMP,THRESHOLD,DELTA,1,10,300,300,74,178.0,7.228915662650603,True,0.7466666666666667,997,49959,7.316152582876384,3.13.15,2.5.1,development,very_large,best_known
scpnrg3,BPWO_DELTA,PWO,V3-COMP,THRESHOLD,DELTA,2,10,300,300,118,178.0,7.228915662650603,True,0.66,1071,49654,8.107707208953798,3.13.15,2.5.1,development,very_large,best_known
scpnrg3,BPWO_DELTA_PROB,PWO,V3-COMP,PROBABILISTIC,DELTA,0,10,300,300,134,176.0,6.024096385542169,True,0.63,1121,50039,8.107637709006667,3.13.15,2.5.1,development,very_large,best_known
scpnrg3,BPWO_DELTA_PROB,PWO,V3-COMP,PROBABILISTIC,DELTA,1,10,300,300,96,189.0,13.855421686746988,True,0.7033333333333334,712,49792,7.957883041817695,3.13.15,2.5.1,development,very_large,best_known
scpnrg3,BPWO_DELTA_PROB,PWO,V3-COMP,PROBABILISTIC,DELTA,2,10,300,300,107,175.0,5.421686746987952,True,0.68,938,49552,7.750253167003393,3.13.15,2.5.1,development,very_large,best_known
scpnrg3,BPWO_PROB,PWO,V3-ELIT,PROBABILISTIC,POSITION,0,10,300,300,189,170.0,2.4096385542168677,True,0.03333333333333333,11248,50089,7.740444499999285,3.13.15,2.5.1,development,very_large,best_known
scpnrg3,BPWO_PROB,PWO,V3-ELIT,PROBABILISTIC,POSITION,1,10,300,300,281,170.0,2.4096385542168677,True,0.03333333333333333,11845,50258,7.885574665851891,3.13.15,2.5.1,development,very_large,best_known
scpnrg3,BPWO_PROB,PWO,V3-ELIT,PROBABILISTIC,POSITION,2,10,300,300,117,170.0,2.4096385542168677,True,0.03333333333333333,11426,49903,8.45786187518388,3.13.15,2.5.1,development,very_large,best_known
scpnrh3,BPWO_BASE,PWO,V3-ELIT,THRESHOLD,POSITION,0,10,300,300,266,62.0,5.084745762711864,True,0.03333333333333333,5614,49806,8.21831166697666,3.13.15,2.5.1,development,very_large,best_known
scpnrh3,BPWO_BASE,PWO,V3-ELIT,THRESHOLD,POSITION,1,10,300,300,66,63.0,6.779661016949152,True,0.03333333333333333,5677,49837,8.599486333783716,3.13.15,2.5.1,development,very_large,best_known
scpnrh3,BPWO_BASE,PWO,V3-ELIT,THRESHOLD,POSITION,2,10,300,300,279,61.0,3.389830508474576,True,0.03333333333333333,5436,49463,8.401748500298709,3.13.15,2.5.1,development,very_large,best_known
scpnrh3,BPWO_DELTA,PWO,V3-COMP,THRESHOLD,DELTA,0,10,300,300,64,66.0,11.864406779661017,True,0.8,323,49809,7.98555574985221,3.13.15,2.5.1,development,very_large,best_known
scpnrh3,BPWO_DELTA,PWO,V3-COMP,THRESHOLD,DELTA,1,10,300,300,94,64.0,8.474576271186441,True,0.67,675,50180,5.442327083088458,3.13.15,2.5.1,development,very_large,best_known
scpnrh3,BPWO_DELTA,PWO,V3-COMP,THRESHOLD,DELTA,2,10,300,300,84,65.0,10.169491525423728,True,0.74,487,49651,5.432721583172679,3.13.15,2.5.1,development,very_large,best_known
scpnrh3,BPWO_DELTA_PROB,PWO,V3-COMP,PROBABILISTIC,DELTA,0,10,300,300,112,64.0,8.474576271186441,True,0.6666666666666666,539,49997,7.707968167029321,3.13.15,2.5.1,development,very_large,best_known
scpnrh3,BPWO_DELTA_PROB,PWO,V3-COMP,PROBABILISTIC,DELTA,1,10,300,300,55,70.0,18.64406779661017,True,0.8033333333333333,267,49790,6.025873625185341,3.13.15,2.5.1,development,very_large,best_known
scpnrh3,BPWO_DELTA_PROB,PWO,V3-COMP,PROBABILISTIC,DELTA,2,10,300,300,70,64.0,8.474576271186441,True,0.78,448,49620,6.007874665781856,3.13.15,2.5.1,development,very_large,best_known
scpnrh3,BPWO_PROB,PWO,V3-ELIT,PROBABILISTIC,POSITION,0,10,300,300,134,61.0,3.389830508474576,True,0.03333333333333333,5335,49716,7.753178041893989,3.13.15,2.5.1,development,very_large,best_known
scpnrh3,BPWO_PROB,PWO,V3-ELIT,PROBABILISTIC,POSITION,1,10,300,300,163,62.0,5.084745762711864,True,0.03333333333333333,5758,49937,6.444632875267416,3.13.15,2.5.1,development,very_large,best_known
scpnrh3,BPWO_PROB,PWO,V3-ELIT,PROBABILISTIC,POSITION,2,10,300,300,177,63.0,6.779661016949152,True,0.03333333333333333,5577,49483,6.3244924591854215,3.13.15,2.5.1,development,very_large,best_known
