instance,algorithm,movement_mode,scheme,selection_mode,state_update_mode,degenerate_cohesion,latent_amplitude,repair_feedback,seed,population,evaluation_budget,evaluations,best_found_at_evaluation,cost,rpd,feasible,initially_feasible_rate,added_columns,removed_columns,acceptance_rate,binary_state_change_rate,global_improvements,runtime_seconds,python,numpy,role,scale,reference_type
scp43,ALPHA_ALWAYS_SYNC,ALPHA,S1-STD,ALWAYS,SYNC,MIN,4.0,1.0,0,10,300,300,274,569.0,10.271317829457365,True,0.77,138,6160,1.0,0.496551724137931,19,0.1344729999982519,3.13.15,2.5.1,development,small,optimum
scp43,ALPHA_ALWAYS_SYNC,ALPHA,S1-STD,ALWAYS,SYNC,MIN,4.0,1.0,1,10,300,300,292,676.0,31.007751937984494,True,0.72,173,6214,1.0,0.4896551724137931,22,0.13493641700188164,3.13.15,2.5.1,development,small,optimum
scp43,ALPHA_ALWAYS_SYNC,ALPHA,S1-STD,ALWAYS,SYNC,MIN,4.0,1.0,2,10,300,300,203,619.0,19.96124031007752,True,0.7533333333333333,164,6255,1.0,0.4586206896551724,17,0.13479283400374698,3.13.15,2.5.1,development,small,optimum
scp53,ALPHA_ALWAYS_SYNC,ALPHA,S1-STD,ALWAYS,SYNC,MIN,4.0,1.0,0,10,300,300,205,264.0,16.8141592920354,True,0.7766666666666666,106,13334,1.0,0.5172413793103449,16,0.2160766250017332,3.13.15,2.5.1,development,small,optimum
scp53,ALPHA_ALWAYS_SYNC,ALPHA,S1-STD,ALWAYS,SYNC,MIN,4.0,1.0,1,10,300,300,156,284.0,25.663716814159294,True,0.7366666666666667,123,13364,1.0,0.41379310344827586,12,0.2047802919987589,3.13.15,2.5.1,development,small,optimum
scp53,ALPHA_ALWAYS_SYNC,ALPHA,S1-STD,ALWAYS,SYNC,MIN,4.0,1.0,2,10,300,300,147,293.0,29.646017699115045,True,0.8133333333333334,82,13391,1.0,0.4241379310344828,16,0.20381229200575035,3.13.15,2.5.1,development,small,optimum
scp63,ALPHA_ALWAYS_SYNC,ALPHA,S1-STD,ALWAYS,SYNC,MIN,4.0,1.0,0,10,300,300,78,155.0,6.896551724137931,True,0.88,48,6494,1.0,0.2689655172413793,9,0.10839083299651975,3.13.15,2.5.1,development,small,optimum
scp63,ALPHA_ALWAYS_SYNC,ALPHA,S1-STD,ALWAYS,SYNC,MIN,4.0,1.0,1,10,300,300,135,184.0,26.896551724137932,True,0.8366666666666667,77,6514,1.0,0.42758620689655175,12,0.11133437499665888,3.13.15,2.5.1,development,small,optimum
scp63,ALPHA_ALWAYS_SYNC,ALPHA,S1-STD,ALWAYS,SYNC,MIN,4.0,1.0,2,10,300,300,198,198.0,36.55172413793103,True,0.8666666666666667,63,6522,1.0,0.4103448275862069,10,0.11013862499385141,3.13.15,2.5.1,development,small,optimum
scpa3,ALPHA_ALWAYS_SYNC,ALPHA,S1-STD,ALWAYS,SYNC,MIN,4.0,1.0,0,10,300,300,176,289.0,24.56896551724138,True,0.74,143,20322,1.0,0.4896551724137931,17,0.4445233329970506,3.13.15,2.5.1,development,medium,optimum
scpa3,ALPHA_ALWAYS_SYNC,ALPHA,S1-STD,ALWAYS,SYNC,MIN,4.0,1.0,1,10,300,300,269,325.0,40.08620689655172,True,0.7866666666666666,91,20418,1.0,0.5448275862068965,19,0.4402470830027596,3.13.15,2.5.1,development,medium,optimum
scpa3,ALPHA_ALWAYS_SYNC,ALPHA,S1-STD,ALWAYS,SYNC,MIN,4.0,1.0,2,10,300,300,232,309.0,33.189655172413794,True,0.7933333333333333,94,20533,1.0,0.5413793103448276,19,0.4452002909965813,3.13.15,2.5.1,development,medium,optimum
scpb3,ALPHA_ALWAYS_SYNC,ALPHA,S1-STD,ALWAYS,SYNC,MIN,4.0,1.0,0,10,300,300,156,106.0,32.5,True,0.9366666666666666,25,20718,1.0,0.4068965517241379,7,0.4399551669994253,3.13.15,2.5.1,development,medium,optimum
scpb3,ALPHA_ALWAYS_SYNC,ALPHA,S1-STD,ALWAYS,SYNC,MIN,4.0,1.0,1,10,300,300,170,96.0,20.0,True,0.9266666666666666,27,20820,1.0,0.5206896551724138,15,0.5484744580026018,3.13.15,2.5.1,development,medium,optimum
scpb3,ALPHA_ALWAYS_SYNC,ALPHA,S1-STD,ALWAYS,SYNC,MIN,4.0,1.0,2,10,300,300,149,90.0,12.5,True,0.9266666666666666,30,20883,1.0,0.4103448275862069,9,0.5387379999956465,3.13.15,2.5.1,development,medium,optimum
scpc3,ALPHA_ALWAYS_SYNC,ALPHA,S1-STD,ALWAYS,SYNC,MIN,4.0,1.0,0,10,300,300,218,337.0,38.68312757201646,True,0.8,102,27319,1.0,0.5379310344827586,17,0.9807126660016365,3.13.15,2.5.1,development,large,optimum
scpc3,ALPHA_ALWAYS_SYNC,ALPHA,S1-STD,ALWAYS,SYNC,MIN,4.0,1.0,1,10,300,300,265,337.0,38.68312757201646,True,0.8066666666666666,83,27150,1.0,0.6344827586206897,18,0.9623335829965072,3.13.15,2.5.1,development,large,optimum
scpc3,ALPHA_ALWAYS_SYNC,ALPHA,S1-STD,ALWAYS,SYNC,MIN,4.0,1.0,2,10,300,300,194,350.0,44.03292181069959,True,0.7766666666666666,97,27355,1.0,0.5241379310344828,14,0.9616102500003763,3.13.15,2.5.1,development,large,optimum
scpd3,ALPHA_ALWAYS_SYNC,ALPHA,S1-STD,ALWAYS,SYNC,MIN,4.0,1.0,0,10,300,300,136,99.0,37.5,True,0.9233333333333333,33,27793,1.0,0.4068965517241379,7,0.9531941250024829,3.13.15,2.5.1,development,large,optimum
scpd3,ALPHA_ALWAYS_SYNC,ALPHA,S1-STD,ALWAYS,SYNC,MIN,4.0,1.0,1,10,300,300,128,102.0,41.666666666666664,True,0.9533333333333334,19,27663,1.0,0.3413793103448276,4,0.929728499999328,3.13.15,2.5.1,development,large,optimum
scpd3,ALPHA_ALWAYS_SYNC,ALPHA,S1-STD,ALWAYS,SYNC,MIN,4.0,1.0,2,10,300,300,205,96.0,33.333333333333336,True,0.9166666666666666,37,27807,1.0,0.43448275862068964,7,0.9197315830024309,3.13.15,2.5.1,development,large,optimum
scpnre3,ALPHA_ALWAYS_SYNC,ALPHA,S1-STD,ALWAYS,SYNC,MIN,4.0,1.0,0,10,300,300,267,35.0,29.62962962962963,True,0.9766666666666667,10,34986,1.0,0.3896551724137931,4,1.4684412910064566,3.13.15,2.5.1,development,large,optimum
scpnre3,ALPHA_ALWAYS_SYNC,ALPHA,S1-STD,ALWAYS,SYNC,MIN,4.0,1.0,1,10,300,300,233,36.0,33.333333333333336,True,0.9766666666666667,7,35116,1.0,0.36551724137931035,2,1.4426004170018132,3.13.15,2.5.1,development,large,optimum
scpnre3,ALPHA_ALWAYS_SYNC,ALPHA,S1-STD,ALWAYS,SYNC,MIN,4.0,1.0,2,10,300,300,95,38.0,40.74074074074074,True,0.98,6,35065,1.0,0.31724137931034485,4,1.3821172079988173,3.13.15,2.5.1,development,large,optimum
scpnrf3,ALPHA_ALWAYS_SYNC,ALPHA,S1-STD,ALWAYS,SYNC,MIN,4.0,1.0,0,10,300,300,2,18.0,28.571428571428573,True,0.9966666666666667,1,35138,1.0,0.19310344827586207,0,1.3653838749960414,3.13.15,2.5.1,development,large,optimum
scpnrf3,ALPHA_ALWAYS_SYNC,ALPHA,S1-STD,ALWAYS,SYNC,MIN,4.0,1.0,1,10,300,300,20,17.0,21.428571428571427,True,0.9966666666666667,1,35313,1.0,0.24482758620689654,1,1.305728375002218,3.13.15,2.5.1,development,large,optimum
scpnrf3,ALPHA_ALWAYS_SYNC,ALPHA,S1-STD,ALWAYS,SYNC,MIN,4.0,1.0,2,10,300,300,5,18.0,28.571428571428573,True,0.9933333333333333,3,35252,1.0,0.23448275862068965,0,1.3158853339991765,3.13.15,2.5.1,development,large,optimum
scpnrg3,ALPHA_ALWAYS_SYNC,ALPHA,S1-STD,ALWAYS,SYNC,MIN,4.0,1.0,0,10,300,300,192,233.0,40.36144578313253,True,0.8333333333333334,65,69721,1.0,0.5689655172413793,14,5.75252499999624,3.13.15,2.5.1,development,very_large,best_known
scpnrg3,ALPHA_ALWAYS_SYNC,ALPHA,S1-STD,ALWAYS,SYNC,MIN,4.0,1.0,1,10,300,300,252,257.0,54.81927710843374,True,0.8366666666666667,69,69629,1.0,0.6862068965517242,11,5.817786457999318,3.13.15,2.5.1,development,very_large,best_known
scpnrg3,ALPHA_ALWAYS_SYNC,ALPHA,S1-STD,ALWAYS,SYNC,MIN,4.0,1.0,2,10,300,300,272,237.0,42.7710843373494,True,0.8233333333333334,71,68936,1.0,0.7551724137931034,18,5.810187333001522,3.13.15,2.5.1,development,very_large,best_known
scpnrh3,ALPHA_ALWAYS_SYNC,ALPHA,S1-STD,ALWAYS,SYNC,MIN,4.0,1.0,0,10,300,300,124,82.0,38.983050847457626,True,0.9633333333333334,13,70359,1.0,0.4379310344827586,3,5.809870290999243,3.13.15,2.5.1,development,very_large,best_known
scpnrh3,ALPHA_ALWAYS_SYNC,ALPHA,S1-STD,ALWAYS,SYNC,MIN,4.0,1.0,1,10,300,300,76,81.0,37.28813559322034,True,0.9633333333333334,14,70340,1.0,0.4241379310344828,4,4.603572499996517,3.13.15,2.5.1,development,very_large,best_known
scpnrh3,ALPHA_ALWAYS_SYNC,ALPHA,S1-STD,ALWAYS,SYNC,MIN,4.0,1.0,2,10,300,300,54,77.0,30.508474576271187,True,0.9333333333333333,21,69711,1.0,0.4103448275862069,4,4.570643500002916,3.13.15,2.5.1,development,very_large,best_known
