instance,algorithm,movement_mode,scheme,seed,population,evaluation_budget,evaluations,best_found_at_evaluation,cost,rpd,feasible,initially_feasible_rate,added_columns,removed_columns,runtime_seconds,python,numpy,role,scale,reference_type
scp41,GREEDY,N/A,N/A,N/A,N/A,1,1,1,434.0,1.1655011655011656,True,N/A,82,11,0.005298416130244732,3.13.15,2.5.1,calibration,small,optimum
scp41,BPWO,PWO,V3-ELIT,0,10,300,300,91,433.0,0.9324009324009324,True,0.03333333333333333,7302,5318,0.26581933395937085,3.13.15,2.5.1,calibration,small,optimum
scp41,BPWO,PWO,V3-ELIT,1,10,300,300,55,433.0,0.9324009324009324,True,0.03333333333333333,7135,5211,0.23434700025245547,3.13.15,2.5.1,calibration,small,optimum
scp41,BPWO,PWO,V3-ELIT,2,10,300,300,71,433.0,0.9324009324009324,True,0.03333333333333333,7255,5337,0.23799391696229577,3.13.15,2.5.1,calibration,small,optimum
scp41,ABLATION_IID,IID,V3-ELIT,0,10,300,300,62,433.0,0.9324009324009324,True,0.03333333333333333,13898,6134,0.5206921668723226,3.13.15,2.5.1,calibration,small,optimum
scp41,ABLATION_IID,IID,V3-ELIT,1,10,300,300,31,433.0,0.9324009324009324,True,0.03333333333333333,13964,6073,0.5343736251816154,3.13.15,2.5.1,calibration,small,optimum
scp41,ABLATION_IID,IID,V3-ELIT,2,10,300,300,32,433.0,0.9324009324009324,True,0.03333333333333333,14002,6194,0.531426957808435,3.13.15,2.5.1,calibration,small,optimum
scp41,NBPWO,BINARY,NATIVE,0,10,300,300,137,440.0,2.5641025641025643,True,0.4033333333333333,692,4898,0.09393129171803594,3.13.15,2.5.1,calibration,small,optimum
scp41,NBPWO,BINARY,NATIVE,1,10,300,300,62,433.0,0.9324009324009324,True,0.5033333333333333,681,4779,0.09255570825189352,3.13.15,2.5.1,calibration,small,optimum
scp41,NBPWO,BINARY,NATIVE,2,10,300,300,61,433.0,0.9324009324009324,True,0.49333333333333335,742,4775,0.09380029235035181,3.13.15,2.5.1,calibration,small,optimum
scp41,BPSO,REFERENCE,V3-ELIT,0,10,300,300,48,433.0,0.9324009324009324,True,0.03333333333333333,22013,7442,1.0942243752069771,3.13.15,2.5.1,calibration,small,optimum
scp41,BPSO,REFERENCE,V3-ELIT,1,10,300,300,41,433.0,0.9324009324009324,True,0.03333333333333333,21934,7435,1.1366864158771932,3.13.15,2.5.1,calibration,small,optimum
scp41,BPSO,REFERENCE,V3-ELIT,2,10,300,300,23,433.0,0.9324009324009324,True,0.03333333333333333,22033,7397,1.0884314579889178,3.13.15,2.5.1,calibration,small,optimum
scp41,BGWO,REFERENCE,V3-ELIT,0,10,300,300,62,433.0,0.9324009324009324,True,0.03333333333333333,7459,5345,0.24890316696837544,3.13.15,2.5.1,calibration,small,optimum
scp41,BGWO,REFERENCE,V3-ELIT,1,10,300,300,61,433.0,0.9324009324009324,True,0.03333333333333333,7589,5419,0.2536561251617968,3.13.15,2.5.1,calibration,small,optimum
scp41,BGWO,REFERENCE,V3-ELIT,2,10,300,300,56,433.0,0.9324009324009324,True,0.03333333333333333,7738,5368,0.2552020000293851,3.13.15,2.5.1,calibration,small,optimum
scpa1,GREEDY,N/A,N/A,N/A,N/A,1,1,1,261.0,3.1620553359683794,True,N/A,89,16,0.015813708305358887,3.13.15,2.5.1,calibration,medium,optimum
scpa1,BPWO,PWO,V3-ELIT,0,10,300,300,66,256.0,1.1857707509881423,True,0.03333333333333333,7834,15775,0.6231900830753148,3.13.15,2.5.1,calibration,medium,optimum
scpa1,BPWO,PWO,V3-ELIT,1,10,300,300,49,257.0,1.5810276679841897,True,0.03333333333333333,7668,15681,0.6085194172337651,3.13.15,2.5.1,calibration,medium,optimum
scpa1,BPWO,PWO,V3-ELIT,2,10,300,300,50,257.0,1.5810276679841897,True,0.03333333333333333,7595,15636,0.6087804576382041,3.13.15,2.5.1,calibration,medium,optimum
scpa1,ABLATION_IID,IID,V3-ELIT,0,10,300,300,33,257.0,1.5810276679841897,True,0.03333333333333333,15241,17116,2.0168316662311554,3.13.15,2.5.1,calibration,medium,optimum
scpa1,ABLATION_IID,IID,V3-ELIT,1,10,300,300,41,257.0,1.5810276679841897,True,0.03333333333333333,15184,16986,3.040863875299692,3.13.15,2.5.1,calibration,medium,optimum
scpa1,ABLATION_IID,IID,V3-ELIT,2,10,300,300,49,257.0,1.5810276679841897,True,0.03333333333333333,15072,17069,2.5686488752253354,3.13.15,2.5.1,calibration,medium,optimum
scpa1,NBPWO,BINARY,NATIVE,0,10,300,300,77,260.0,2.766798418972332,True,0.47,826,14911,0.36784858303144574,3.13.15,2.5.1,calibration,medium,optimum
scpa1,NBPWO,BINARY,NATIVE,1,10,300,300,112,260.0,2.766798418972332,True,0.48,758,14981,0.35543458303436637,3.13.15,2.5.1,calibration,medium,optimum
scpa1,NBPWO,BINARY,NATIVE,2,10,300,300,77,257.0,1.5810276679841897,True,0.4866666666666667,831,14695,0.39159595780074596,3.13.15,2.5.1,calibration,medium,optimum
scpa1,BPSO,REFERENCE,V3-ELIT,0,10,300,300,84,257.0,1.5810276679841897,True,0.03333333333333333,22981,18380,4.915934625081718,3.13.15,2.5.1,calibration,medium,optimum
scpa1,BPSO,REFERENCE,V3-ELIT,1,10,300,300,38,257.0,1.5810276679841897,True,0.03333333333333333,22729,18586,3.6796597917564213,3.13.15,2.5.1,calibration,medium,optimum
scpa1,BPSO,REFERENCE,V3-ELIT,2,10,300,300,25,257.0,1.5810276679841897,True,0.03333333333333333,22439,18128,3.7244087080471218,3.13.15,2.5.1,calibration,medium,optimum
scpa1,BGWO,REFERENCE,V3-ELIT,0,10,300,300,52,257.0,1.5810276679841897,True,0.03333333333333333,8109,15560,0.7987459995783865,3.13.15,2.5.1,calibration,medium,optimum
scpa1,BGWO,REFERENCE,V3-ELIT,1,10,300,300,49,257.0,1.5810276679841897,True,0.03333333333333333,8400,15969,0.7860543336719275,3.13.15,2.5.1,calibration,medium,optimum
scpa1,BGWO,REFERENCE,V3-ELIT,2,10,300,300,58,257.0,1.5810276679841897,True,0.03333333333333333,8364,15614,0.7505687079392374,3.13.15,2.5.1,calibration,medium,optimum
scpnre1,GREEDY,N/A,N/A,N/A,N/A,1,1,1,30.0,3.4482758620689653,True,N/A,30,0,0.014109665993601084,3.13.15,2.5.1,calibration,large,optimum
scpnre1,BPWO,PWO,V3-ELIT,0,10,300,300,40,29.0,0.0,True,0.03333333333333333,2590,24700,0.8008561669848859,3.13.15,2.5.1,calibration,large,optimum
scpnre1,BPWO,PWO,V3-ELIT,1,10,300,300,36,29.0,0.0,True,0.03333333333333333,2597,24883,0.7885949998162687,3.13.15,2.5.1,calibration,large,optimum
scpnre1,BPWO,PWO,V3-ELIT,2,10,300,300,57,29.0,0.0,True,0.03333333333333333,2646,24835,0.8762702909298241,3.13.15,2.5.1,calibration,large,optimum
scpnre1,ABLATION_IID,IID,V3-ELIT,0,10,300,300,34,29.0,0.0,True,0.03333333333333333,5252,24810,1.5193972080014646,3.13.15,2.5.1,calibration,large,optimum
scpnre1,ABLATION_IID,IID,V3-ELIT,1,10,300,300,31,29.0,0.0,True,0.03333333333333333,5244,24984,1.3651579157449305,3.13.15,2.5.1,calibration,large,optimum
scpnre1,ABLATION_IID,IID,V3-ELIT,2,10,300,300,28,29.0,0.0,True,0.03333333333333333,5327,24969,1.390078500378877,3.13.15,2.5.1,calibration,large,optimum
scpnre1,NBPWO,BINARY,NATIVE,0,10,300,300,57,29.0,0.0,True,0.47,384,24953,0.5080495839938521,3.13.15,2.5.1,calibration,large,optimum
scpnre1,NBPWO,BINARY,NATIVE,1,10,300,300,80,29.0,0.0,True,0.44,371,25226,0.46223375014960766,3.13.15,2.5.1,calibration,large,optimum
scpnre1,NBPWO,BINARY,NATIVE,2,10,300,300,51,29.0,0.0,True,0.48333333333333334,357,24820,0.5515630003064871,3.13.15,2.5.1,calibration,large,optimum
scpnre1,BPSO,REFERENCE,V3-ELIT,0,10,300,300,29,29.0,0.0,True,0.03333333333333333,7126,25023,2.4375389590859413,3.13.15,2.5.1,calibration,large,optimum
scpnre1,BPSO,REFERENCE,V3-ELIT,1,10,300,300,23,29.0,0.0,True,0.03333333333333333,7361,25333,2.5312224170193076,3.13.15,2.5.1,calibration,large,optimum
scpnre1,BPSO,REFERENCE,V3-ELIT,2,10,300,300,22,29.0,0.0,True,0.03333333333333333,7221,24914,2.474904458038509,3.13.15,2.5.1,calibration,large,optimum
scpnre1,BGWO,REFERENCE,V3-ELIT,0,10,300,300,44,29.0,0.0,True,0.03333333333333333,2872,24880,0.9234220418147743,3.13.15,2.5.1,calibration,large,optimum
scpnre1,BGWO,REFERENCE,V3-ELIT,1,10,300,300,47,29.0,0.0,True,0.03333333333333333,2798,25127,0.9098132499493659,3.13.15,2.5.1,calibration,large,optimum
scpnre1,BGWO,REFERENCE,V3-ELIT,2,10,300,300,25,29.0,0.0,True,0.03333333333333333,2808,24728,0.8344262079335749,3.13.15,2.5.1,calibration,large,optimum
scpnrg1,GREEDY,N/A,N/A,N/A,N/A,1,1,1,189.0,7.386363636363637,True,N/A,130,14,0.19239283306524158,3.13.15,2.5.1,calibration,very_large,best_known
scpnrg1,BPWO,PWO,V3-ELIT,0,10,300,300,184,181.0,2.840909090909091,True,0.03333333333333333,11515,50654,5.205181125085801,3.13.15,2.5.1,calibration,very_large,best_known
scpnrg1,BPWO,PWO,V3-ELIT,1,10,300,300,280,181.0,2.840909090909091,True,0.03333333333333333,11864,50784,5.286661041900516,3.13.15,2.5.1,calibration,very_large,best_known
scpnrg1,BPWO,PWO,V3-ELIT,2,10,300,300,158,180.0,2.272727272727273,True,0.03333333333333333,11529,50066,5.402253750246018,3.13.15,2.5.1,calibration,very_large,best_known
scpnrg1,ABLATION_IID,IID,V3-ELIT,0,10,300,300,137,181.0,2.840909090909091,True,0.03333333333333333,22107,51554,15.30465658288449,3.13.15,2.5.1,calibration,very_large,best_known
scpnrg1,ABLATION_IID,IID,V3-ELIT,1,10,300,300,255,180.0,2.272727272727273,True,0.03333333333333333,22376,51794,15.910897499881685,3.13.15,2.5.1,calibration,very_large,best_known
scpnrg1,ABLATION_IID,IID,V3-ELIT,2,10,300,300,119,179.0,1.7045454545454546,True,0.03333333333333333,22174,51354,16.087971000000834,3.13.15,2.5.1,calibration,very_large,best_known
scpnrg1,NBPWO,BINARY,NATIVE,0,10,300,300,211,184.0,4.545454545454546,True,0.4266666666666667,1218,49813,2.339288374874741,3.13.15,2.5.1,calibration,very_large,best_known
scpnrg1,NBPWO,BINARY,NATIVE,1,10,300,300,116,181.0,2.840909090909091,True,0.47,1324,50188,2.0108197079971433,3.13.15,2.5.1,calibration,very_large,best_known
scpnrg1,NBPWO,BINARY,NATIVE,2,10,300,300,63,194.0,10.227272727272727,True,0.45,1075,49607,1.9717719578184187,3.13.15,2.5.1,calibration,very_large,best_known
scpnrg1,BPSO,REFERENCE,V3-ELIT,0,10,300,300,72,182.0,3.409090909090909,True,0.03333333333333333,30539,52642,33.76689195865765,3.13.15,2.5.1,calibration,very_large,best_known
scpnrg1,BPSO,REFERENCE,V3-ELIT,1,10,300,300,60,181.0,2.840909090909091,True,0.03333333333333333,30845,52773,37.867581124883145,3.13.15,2.5.1,calibration,very_large,best_known
scpnrg1,BPSO,REFERENCE,V3-ELIT,2,10,300,300,243,180.0,2.272727272727273,True,0.03333333333333333,30426,52283,35.519931790884584,3.13.15,2.5.1,calibration,very_large,best_known
scpnrg1,BGWO,REFERENCE,V3-ELIT,0,10,300,300,253,180.0,2.272727272727273,True,0.03333333333333333,12629,50585,7.721282915677875,3.13.15,2.5.1,calibration,very_large,best_known
scpnrg1,BGWO,REFERENCE,V3-ELIT,1,10,300,300,190,180.0,2.272727272727273,True,0.03333333333333333,12607,50649,6.67626874987036,3.13.15,2.5.1,calibration,very_large,best_known
scpnrg1,BGWO,REFERENCE,V3-ELIT,2,10,300,300,231,182.0,3.409090909090909,True,0.03333333333333333,12283,50493,6.566890124697238,3.13.15,2.5.1,calibration,very_large,best_known
