configuracion,instancia,semilla,propuestas,activas_medias,esperada,real,estado_medio,analitico
BGWO,scp42,0,5990,63.8,0.6913,0.6921,0.9977,0.7071
BGWO,scp42,1,5990,64.6,0.6915,0.6916,0.9976,0.7071
BGWO,scp42,2,5990,63.7,0.6895,0.6886,0.9958,0.7071
BPSO,scp42,0,5990,65.0,0.0392,0.0391,0.0761,0.0
BPSO,scp42,1,5990,65.0,0.0299,0.0298,0.0604,0.0
BPSO,scp42,2,5990,65.0,0.0386,0.0387,0.0753,0.0
BPWO-S2,scp42,0,5990,65.0,0.7304,0.7305,0.9997,0.7311
BPWO-S2,scp42,1,5990,63.1,0.7304,0.7312,0.9997,0.7311
BPWO-S2,scp42,2,5990,63.1,0.7303,0.7299,0.9998,0.7311
BPWO-V3,scp42,0,5990,65.0,0.707,0.707,0.9998,0.7071
BPWO-V3,scp42,1,5990,63.3,0.7069,0.7074,0.9997,0.7071
BPWO-V3,scp42,2,5990,64.6,0.707,0.7061,0.9998,0.7071
IID,scp42,0,5990,63.1,0.4142,0.4139,0.5,0.4142
IID,scp42,1,5990,64.6,0.4143,0.4157,0.5001,0.4142
IID,scp42,2,5990,63.3,0.4147,0.4135,0.5006,0.4142
BGWO,scp52,0,5990,67.0,0.6929,0.6933,1.0006,0.7071
BGWO,scp52,1,5990,67.1,0.6929,0.6929,1.0007,0.7071
BGWO,scp52,2,5990,67.0,0.6927,0.6945,1.0006,0.7071
BPSO,scp52,0,5990,67.0,0.1253,0.1252,0.2346,0.0
BPSO,scp52,1,5990,65.0,0.0996,0.0993,0.1912,0.0
BPSO,scp52,2,5990,67.0,0.1264,0.1267,0.2359,0.0
BPWO-S2,scp52,0,5990,67.4,0.73,0.7305,0.9997,0.7311
BPWO-S2,scp52,1,5990,67.0,0.7301,0.7313,0.9997,0.7311
BPWO-S2,scp52,2,5990,67.1,0.7303,0.7304,0.9997,0.7311
BPWO-V3,scp52,0,5990,63.4,0.7069,0.7079,0.9997,0.7071
BPWO-V3,scp52,1,5990,64.6,0.7069,0.7087,0.9997,0.7071
BPWO-V3,scp52,2,5990,67.0,0.707,0.7077,0.9998,0.7071
IID,scp52,0,5990,64.2,0.4138,0.4136,0.4993,0.4142
IID,scp52,1,5990,64.6,0.4144,0.4149,0.5004,0.4142
IID,scp52,2,5990,67.0,0.4139,0.4141,0.4997,0.4142
BGWO,scp62,0,5990,37.0,0.6932,0.6948,1.0027,0.7071
BGWO,scp62,1,5990,37.0,0.6928,0.6929,1.0015,0.7071
BGWO,scp62,2,5990,37.1,0.6928,0.6933,1.0017,0.7071
BPSO,scp62,0,5990,37.2,0.1937,0.1929,0.3872,0.0
BPSO,scp62,1,5990,37.1,0.1787,0.178,0.3419,0.0
BPSO,scp62,2,5990,36.0,0.1949,0.1949,0.3839,0.0
BPWO-S2,scp62,0,5990,37.0,0.7305,0.7303,0.9998,0.7311
BPWO-S2,scp62,1,5990,36.0,0.7302,0.728,0.9997,0.7311
BPWO-S2,scp62,2,5990,37.0,0.7303,0.7296,0.9998,0.7311
BPWO-V3,scp62,0,5990,37.0,0.707,0.7064,0.9997,0.7071
BPWO-V3,scp62,1,5990,37.0,0.7069,0.7061,0.9996,0.7071
BPWO-V3,scp62,2,5990,37.0,0.7069,0.7074,0.9997,0.7071
IID,scp62,0,5990,37.0,0.4141,0.4151,0.4999,0.4142
IID,scp62,1,5990,37.0,0.4145,0.4165,0.5001,0.4142
IID,scp62,2,5990,37.1,0.4143,0.4132,0.5001,0.4142
BGWO,scpa2,0,5990,75.2,0.6931,0.6926,1.0008,0.7071
BGWO,scpa2,1,5990,75.2,0.6926,0.6922,0.9994,0.7071
BGWO,scpa2,2,5990,75.1,0.6928,0.693,1.0,0.7071
BPSO,scpa2,0,5990,75.0,0.0954,0.095,0.178,0.0
BPSO,scpa2,1,5990,75.0,0.0963,0.0958,0.1788,0.0
BPSO,scpa2,2,5990,75.1,0.0961,0.0962,0.1785,0.0
BPWO-S2,scpa2,0,5990,75.1,0.7303,0.7308,0.9998,0.7311
BPWO-S2,scpa2,1,5990,75.1,0.7304,0.7302,0.9998,0.7311
BPWO-S2,scpa2,2,5990,75.2,0.7303,0.7305,0.9998,0.7311
BPWO-V3,scpa2,0,5990,76.7,0.707,0.7072,0.9998,0.7071
BPWO-V3,scpa2,1,5990,72.1,0.7069,0.7077,0.9997,0.7071
BPWO-V3,scpa2,2,5990,75.1,0.707,0.7073,0.9998,0.7071
IID,scpa2,0,5990,75.1,0.4141,0.4145,0.4999,0.4142
IID,scpa2,1,5990,75.0,0.414,0.4136,0.4999,0.4142
IID,scpa2,2,5990,75.0,0.4144,0.4145,0.5003,0.4142
BGWO,scpb2,0,5990,41.1,0.6929,0.6923,0.9998,0.7071
BGWO,scpb2,1,5990,41.0,0.6935,0.6928,1.0008,0.7071
BGWO,scpb2,2,5990,41.0,0.6931,0.6942,0.9998,0.7071
BPSO,scpb2,0,5990,41.0,0.0802,0.0806,0.141,0.0
BPSO,scpb2,1,5990,41.0,0.078,0.0781,0.1361,0.0
BPSO,scpb2,2,5990,41.0,0.0775,0.0776,0.1366,0.0
BPWO-S2,scpb2,0,5990,41.0,0.7301,0.7314,0.9997,0.7311
BPWO-S2,scpb2,1,5990,41.1,0.7302,0.7296,0.9997,0.7311
BPWO-S2,scpb2,2,5990,41.1,0.7299,0.7299,0.9997,0.7311
BPWO-V3,scpb2,0,5990,41.1,0.7069,0.7078,0.9997,0.7071
BPWO-V3,scpb2,1,5990,41.0,0.707,0.7078,0.9998,0.7071
BPWO-V3,scpb2,2,5990,41.1,0.707,0.7071,0.9998,0.7071
IID,scpb2,0,5990,41.0,0.4138,0.4147,0.4993,0.4142
IID,scpb2,1,5990,41.0,0.4142,0.4144,0.5001,0.4142
IID,scpb2,2,5990,41.0,0.4149,0.4157,0.501,0.4142
BGWO,scpc2,0,5990,82.8,0.6899,0.6904,0.9953,0.7071
BGWO,scpc2,1,5990,85.0,0.6896,0.6889,0.9951,0.7071
BGWO,scpc2,2,5990,82.6,0.6893,0.688,0.9949,0.7071
BPSO,scpc2,0,5990,83.0,0.0829,0.0829,0.1512,0.0
BPSO,scpc2,1,5990,83.0,0.0811,0.0809,0.1466,0.0
BPSO,scpc2,2,5990,82.1,0.0746,0.0746,0.1452,0.0
BPWO-S2,scpc2,0,5990,82.0,0.7303,0.7301,0.9997,0.7311
BPWO-S2,scpc2,1,5990,82.8,0.7303,0.7299,0.9998,0.7311
BPWO-S2,scpc2,2,5990,83.3,0.7302,0.73,0.9997,0.7311
BPWO-V3,scpc2,0,5990,82.9,0.7069,0.7069,0.9997,0.7071
BPWO-V3,scpc2,1,5990,82.7,0.707,0.7069,0.9998,0.7071
BPWO-V3,scpc2,2,5990,82.8,0.707,0.706,0.9998,0.7071
IID,scpc2,0,5990,83.0,0.4143,0.414,0.5003,0.4142
IID,scpc2,1,5990,82.8,0.4145,0.4153,0.5003,0.4142
IID,scpc2,2,5990,82.8,0.4145,0.4145,0.5004,0.4142
BGWO,scpd2,0,5990,44.8,0.6917,0.6923,0.999,0.7071
BGWO,scpd2,1,5990,45.0,0.6921,0.6914,0.9991,0.7071
BGWO,scpd2,2,5990,44.8,0.6916,0.6911,0.9987,0.7071
BPSO,scpd2,0,5990,45.0,0.1335,0.1332,0.2518,0.0
BPSO,scpd2,1,5990,45.0,0.1354,0.1346,0.2567,0.0
BPSO,scpd2,2,5990,45.0,0.1347,0.1346,0.2505,0.0
BPWO-S2,scpd2,0,5990,45.0,0.7304,0.7296,0.9998,0.7311
BPWO-S2,scpd2,1,5990,43.3,0.7304,0.7306,0.9998,0.7311
BPWO-S2,scpd2,2,5990,44.1,0.7303,0.7308,0.9997,0.7311
BPWO-V3,scpd2,0,5990,45.0,0.7069,0.7055,0.9997,0.7071
BPWO-V3,scpd2,1,5990,44.0,0.707,0.7067,0.9998,0.7071
BPWO-V3,scpd2,2,5990,44.9,0.7069,0.7089,0.9997,0.7071
IID,scpd2,0,5990,45.0,0.4141,0.4124,0.4999,0.4142
IID,scpd2,1,5990,44.9,0.4138,0.4137,0.4994,0.4142
IID,scpd2,2,5990,44.7,0.4144,0.4144,0.5003,0.4142
BGWO,scpnre2,0,5990,26.2,0.6795,0.6794,0.983,0.7071
BGWO,scpnre2,1,5990,26.2,0.6794,0.6785,0.9832,0.7071
BGWO,scpnre2,2,5990,26.0,0.6923,0.6924,1.0009,0.7071
BPSO,scpnre2,0,5990,26.0,0.3256,0.3268,0.6411,0.0
BPSO,scpnre2,1,5990,26.1,0.279,0.2781,0.5161,0.0
BPSO,scpnre2,2,5990,26.0,0.3214,0.3205,0.6333,0.0
BPWO-S2,scpnre2,0,5990,26.0,0.7302,0.7302,0.9997,0.7311
BPWO-S2,scpnre2,1,5990,27.0,0.7303,0.7297,0.9997,0.7311
BPWO-S2,scpnre2,2,5990,27.2,0.7301,0.7293,0.9997,0.7311
BPWO-V3,scpnre2,0,5990,26.3,0.7069,0.7066,0.9997,0.7071
BPWO-V3,scpnre2,1,5990,26.3,0.7069,0.7075,0.9997,0.7071
BPWO-V3,scpnre2,2,5990,27.3,0.707,0.7094,0.9997,0.7071
IID,scpnre2,0,5990,26.1,0.4144,0.4118,0.5002,0.4142
IID,scpnre2,1,5990,26.0,0.4139,0.4152,0.4997,0.4142
IID,scpnre2,2,5990,26.3,0.4144,0.4128,0.5,0.4142
BGWO,scpnrf2,0,5990,15.0,0.6723,0.6729,0.9719,0.7071
BGWO,scpnrf2,1,5990,15.0,0.6783,0.6768,0.9814,0.7071
BGWO,scpnrf2,2,5990,15.0,0.6724,0.6746,0.9718,0.7071
BPSO,scpnrf2,0,5990,15.0,0.3936,0.3939,0.751,0.0
BPSO,scpnrf2,1,5990,14.0,0.3355,0.3344,0.6374,0.0
BPSO,scpnrf2,2,5990,15.0,0.4616,0.4645,1.0605,0.0
BPWO-S2,scpnrf2,0,5990,15.0,0.7301,0.7284,0.9997,0.7311
BPWO-S2,scpnrf2,1,5990,15.0,0.7304,0.7307,0.9998,0.7311
BPWO-S2,scpnrf2,2,5990,15.0,0.7304,0.7292,0.9998,0.7311
BPWO-V3,scpnrf2,0,5990,15.0,0.707,0.7052,0.9999,0.7071
BPWO-V3,scpnrf2,1,5990,15.0,0.707,0.7044,0.9998,0.7071
BPWO-V3,scpnrf2,2,5990,15.0,0.7069,0.7044,0.9997,0.7071
IID,scpnrf2,0,5990,15.0,0.4151,0.4132,0.5011,0.4142
IID,scpnrf2,1,5990,15.0,0.4138,0.413,0.4995,0.4142
IID,scpnrf2,2,5990,15.0,0.4138,0.4118,0.4993,0.4142
BGWO,scpnrg2,0,5990,108.1,0.6852,0.6846,0.9888,0.7071
BGWO,scpnrg2,1,5990,108.7,0.6851,0.6858,0.988,0.7071
BGWO,scpnrg2,2,5990,109.9,0.688,0.6873,0.9924,0.7071
BPSO,scpnrg2,0,5990,109.2,0.1622,0.1623,0.3277,0.0
BPSO,scpnrg2,1,5990,109.0,0.1504,0.1498,0.3006,0.0
BPSO,scpnrg2,2,5990,107.5,0.1407,0.141,0.2791,0.0
BPWO-S2,scpnrg2,0,5990,106.1,0.7296,0.7289,0.9993,0.7311
BPWO-S2,scpnrg2,1,5990,109.9,0.7302,0.7295,0.9997,0.7311
BPWO-S2,scpnrg2,2,5990,109.1,0.7302,0.7311,0.9997,0.7311
BPWO-V3,scpnrg2,0,5990,108.9,0.7069,0.7064,0.9996,0.7071
BPWO-V3,scpnrg2,1,5990,109.2,0.7069,0.7074,0.9997,0.7071
BPWO-V3,scpnrg2,2,5990,109.9,0.7069,0.7071,0.9996,0.7071
IID,scpnrg2,0,5990,109.7,0.4144,0.4151,0.5002,0.4142
IID,scpnrg2,1,5990,108.2,0.4144,0.4144,0.5002,0.4142
IID,scpnrg2,2,5990,108.9,0.4143,0.4152,0.5001,0.4142
BGWO,scpnrh2,0,5990,55.1,0.6873,0.6861,0.9927,0.7071
BGWO,scpnrh2,1,5990,55.1,0.6889,0.6895,0.9953,0.7071
BGWO,scpnrh2,2,5990,55.0,0.6893,0.689,0.996,0.7071
BPSO,scpnrh2,0,5990,56.1,0.2681,0.2683,0.5169,0.0
BPSO,scpnrh2,1,5990,55.1,0.2506,0.2501,0.4739,0.0
BPSO,scpnrh2,2,5990,55.1,0.2598,0.2605,0.4962,0.0
BPWO-S2,scpnrh2,0,5990,57.0,0.7302,0.731,0.9997,0.7311
BPWO-S2,scpnrh2,1,5990,55.5,0.7303,0.7295,0.9997,0.7311
BPWO-S2,scpnrh2,2,5990,55.5,0.7298,0.7281,0.9996,0.7311
BPWO-V3,scpnrh2,0,5990,56.0,0.7069,0.7073,0.9997,0.7071
BPWO-V3,scpnrh2,1,5990,54.1,0.7069,0.7056,0.9996,0.7071
BPWO-V3,scpnrh2,2,5990,55.0,0.7069,0.7073,0.9997,0.7071
IID,scpnrh2,0,5990,52.1,0.4145,0.4147,0.5003,0.4142
IID,scpnrh2,1,5990,55.1,0.4146,0.4148,0.5005,0.4142
IID,scpnrh2,2,5990,55.0,0.4139,0.4141,0.4996,0.4142
